player_id,position,season,team
DET_QB_01,QB,2026,FIRST
GB_RB_01,RB,2026,FIRST
TEN_WR_01,WR,2026,FIRST
CAR_WR_03,WR,2026,FIRST
CHI_WR_01,WR,2026,FIRST
TEN_TE_03,TE,2026,FIRST
PHI_OT_02,OT,2026,FIRST
LV_OT_02,OT,2026,FIRST
DET_OG_02,OG,2026,FIRST
IND_OG_01,OG,2026,FIRST
LAR_C_01,C,2026,FIRST
DAL_EDGE_02,EDGE,2026,FIRST
DET_EDGE_01,EDGE,2026,FIRST
DET_DT_02,DT,2026,FIRST
TEN_DT_02,DT,2026,FIRST
JAX_LB_01,LB,2026,FIRST
PIT_LB_02,LB,2026,FIRST
KC_CB_02,CB,2026,FIRST
ATL_CB_02,CB,2026,FIRST
SF_S_02,S,2026,FIRST
NYJ_S_02,S,2026,FIRST
PIT_K_01,K,2026,FIRST
WAS_P_01,P,2026,FIRST
DEN_QB_01,QB,2026,SECOND
SF_RB_01,RB,2026,SECOND
SF_WR_03,WR,2026,SECOND
GB_WR_01,WR,2026,SECOND
CLE_WR_03,WR,2026,SECOND
NYJ_TE_01,TE,2026,SECOND
DAL_OT_01,OT,2026,SECOND
NYJ_OT_01,OT,2026,SECOND
WAS_OG_02,OG,2026,SECOND
PIT_OG_02,OG,2026,SECOND
NO_C_01,C,2026,SECOND
PHI_EDGE_01,EDGE,2026,SECOND
ATL_EDGE_01,EDGE,2026,SECOND
DET_DT_01,DT,2026,SECOND
PHI_DT_01,DT,2026,SECOND
ATL_LB_01,LB,2026,SECOND
DET_LB_01,LB,2026,SECOND
DEN_CB_02,CB,2026,SECOND
CHI_CB_01,CB,2026,SECOND
TEN_S_01,S,2026,SECOND
TB_S_01,S,2026,SECOND
LAC_K_01,K,2026,SECOND
LV_P_01,P,2026,SECOND
IND_QB_01,QB,2027,FIRST
CIN_RB_01,RB,2027,FIRST
CAR_WR_01,WR,2027,FIRST
LAR_WR_02,WR,2027,FIRST
PIT_WR_02,WR,2027,FIRST
NYJ_TE_01,TE,2027,FIRST
CAR_OT_01,OT,2027,FIRST
LV_OT_02,OT,2027,FIRST
IND_OG_01,OG,2027,FIRST
DET_OG_02,OG,2027,FIRST
LAR_C_01,C,2027,FIRST
DET_EDGE_02,EDGE,2027,FIRST
MIN_EDGE_02,EDGE,2027,FIRST
ATL_DT_01,DT,2027,FIRST
CAR_DT_02,DT,2027,FIRST
BAL_LB_01,LB,2027,FIRST
PIT_LB_04,LB,2027,FIRST
DEN_CB_01,CB,2027,FIRST
TEN_CB_03,CB,2027,FIRST
KC_S_01,S,2027,FIRST
ATL_S_01,S,2027,FIRST
KC_K_01,K,2027,FIRST
WAS_P_01,P,2027,FIRST
GB_QB_01,QB,2027,SECOND
SF_RB_01,RB,2027,SECOND
PHI_WR_03,WR,2027,SECOND
BAL_WR_03,WR,2027,SECOND
CAR_WR_03,WR,2027,SECOND
CLE_TE_01,TE,2027,SECOND
TB_OT_02,OT,2027,SECOND
PIT_OT_01,OT,2027,SECOND
LAR_OG_01,OG,2027,SECOND
PHI_OG_01,OG,2027,SECOND
NE_C_01,C,2027,SECOND
SEA_EDGE_02,EDGE,2027,SECOND
DET_EDGE_01,EDGE,2027,SECOND
DEN_DT_02,DT,2027,SECOND
LAR_DT_05,DT,2027,SECOND
DET_LB_02,LB,2027,SECOND
KC_LB_02,LB,2027,SECOND
TB_CB_03,CB,2027,SECOND
CLE_CB_02,CB,2027,SECOND
TEN_S_01,S,2027,SECOND
CLE_S_02,S,2027,SECOND
NE_K_01,K,2027,SECOND
MIN_P_01,P,2027,SECOND
GB_QB_01,QB,2028,FIRST
KC_RB_01,RB,2028,FIRST
LV_WR_01,WR,2028,FIRST
CAR_WR_01,WR,2028,FIRST
DEN_WR_01,WR,2028,FIRST
DET_TE_01,TE,2028,FIRST
DAL_OT_01,OT,2028,FIRST
ATL_OT_01,OT,2028,FIRST
DET_OG_02,OG,2028,FIRST
PIT_OG_02,OG,2028,FIRST
LAR_C_01,C,2028,FIRST
SF_EDGE_02,EDGE,2028,FIRST
MIN_EDGE_02,EDGE,2028,FIRST
TB_DT_02,DT,2028,FIRST
KC_DT_01,DT,2028,FIRST
TB_LB_02,LB,2028,FIRST
PIT_LB_02,LB,2028,FIRST
NYJ_CB_03,CB,2028,FIRST
KC_CB_02,CB,2028,FIRST
ARI_S_01,S,2028,FIRST
TB_S_02,S,2028,FIRST
LAR_K_01,K,2028,FIRST
BAL_P_01,P,2028,FIRST
PIT_QB_01,QB,2028,SECOND
P100058_RB,RB,2028,SECOND
NE_WR_02,WR,2028,SECOND
DAL_WR_01,WR,2028,SECOND
CLE_WR_02,WR,2028,SECOND
NYJ_TE_01,TE,2028,SECOND
CLE_OT_02,OT,2028,SECOND
P100449_OT,OT,2028,SECOND
PIT_OG_01,OG,2028,SECOND
BAL_OG_02,OG,2028,SECOND
CHI_C_01,C,2028,SECOND
BAL_EDGE_02,EDGE,2028,SECOND
CLE_EDGE_01,EDGE,2028,SECOND
DEN_DT_02,DT,2028,SECOND
CHI_DT_01,DT,2028,SECOND
FA_LB_159,LB,2028,SECOND
TEN_LB_01,LB,2028,SECOND
BAL_CB_03,CB,2028,SECOND
NYJ_CB_02,CB,2028,SECOND
SF_S_02,S,2028,SECOND
CHI_S_01,S,2028,SECOND
GB_K_01,K,2028,SECOND
CIN_P_01,P,2028,SECOND
IND_QB_01,QB,2029,FIRST
CIN_RB_01,RB,2029,FIRST
PHI_WR_03,WR,2029,FIRST
IND_WR_02,WR,2029,FIRST
CAR_WR_06,WR,2029,FIRST
ATL_TE_01,TE,2029,FIRST
LV_OT_02,OT,2029,FIRST
LV_OT_01,OT,2029,FIRST
TEN_OG_04,OG,2029,FIRST
PIT_OG_01,OG,2029,FIRST
NO_C_01,C,2029,FIRST
DET_EDGE_02,EDGE,2029,FIRST
CLE_EDGE_01,EDGE,2029,FIRST
PHI_DT_01,DT,2029,FIRST
DET_DT_03,DT,2029,FIRST
JAX_LB_01,LB,2029,FIRST
JAX_LB_02,LB,2029,FIRST
GB_CB_03,CB,2029,FIRST
IND_CB_02,CB,2029,FIRST
SF_S_01,S,2029,FIRST
TB_S_01,S,2029,FIRST
P100306_K,K,2029,FIRST
PHI_P_01,P,2029,FIRST
ATL_QB_01,QB,2029,SECOND
DAL_RB_03,RB,2029,SECOND
PIT_WR_02,WR,2029,SECOND
DEN_WR_02,WR,2029,SECOND
PIT_WR_03,WR,2029,SECOND
TEN_TE_03,TE,2029,SECOND
KC_OT_01,OT,2029,SECOND
MIN_OT_01,OT,2029,SECOND
PHI_OG_02,OG,2029,SECOND
SF_OG_01,OG,2029,SECOND
CAR_C_01,C,2029,SECOND
NO_EDGE_02,EDGE,2029,SECOND
MIN_EDGE_02,EDGE,2029,SECOND
JAX_DT_05,DT,2029,SECOND
MIN_DT_02,DT,2029,SECOND
CAR_LB_01,LB,2029,SECOND
PIT_LB_01,LB,2029,SECOND
IND_CB_01,CB,2029,SECOND
LAR_CB_02,CB,2029,SECOND
BUF_S_02,S,2029,SECOND
NYG_S_01,S,2029,SECOND
ARI_K_01,K,2029,SECOND
ATL_P_01,P,2029,SECOND
GB_QB_01,QB,2030,FIRST
CIN_RB_01,RB,2030,FIRST
NE_WR_02,WR,2030,FIRST
P101125_WR,WR,2030,FIRST
CAR_WR_06,WR,2030,FIRST
P101142_TE,TE,2030,FIRST
SF_OT_01,OT,2030,FIRST
MIN_OT_02,OT,2030,FIRST
PIT_OG_02,OG,2030,FIRST
NE_OG_01,OG,2030,FIRST
ARI_C_01,C,2030,FIRST
P100586_EDGE,EDGE,2030,FIRST
SF_EDGE_02,EDGE,2030,FIRST
NE_DT_01,DT,2030,FIRST
GB_DT_01,DT,2030,FIRST
P100783_LB,LB,2030,FIRST
P100884_LB,LB,2030,FIRST
CAR_CB_01,CB,2030,FIRST
WAS_CB_02,CB,2030,FIRST
PHI_S_02,S,2030,FIRST
DET_S_03,S,2030,FIRST
FA_K_006,K,2030,FIRST
WAS_P_01,P,2030,FIRST
PIT_QB_01,QB,2030,SECOND
P100963_RB,RB,2030,SECOND
P100404_WR,WR,2030,SECOND
PIT_WR_02,WR,2030,SECOND
KC_WR_03,WR,2030,SECOND
DEN_TE_01,TE,2030,SECOND
P100242_OT,OT,2030,SECOND
HOU_OT_01,OT,2030,SECOND
CAR_OG_01,OG,2030,SECOND
SF_OG_02,OG,2030,SECOND
CAR_C_01,C,2030,SECOND
NYJ_EDGE_01,EDGE,2030,SECOND
PIT_EDGE_05,EDGE,2030,SECOND
BAL_DT_02,DT,2030,SECOND
ATL_DT_01,DT,2030,SECOND
P100357_LB,LB,2030,SECOND
JAX_LB_02,LB,2030,SECOND
LAR_CB_01,CB,2030,SECOND
LV_CB_06,CB,2030,SECOND
TB_S_02,S,2030,SECOND
CHI_S_04,S,2030,SECOND
IND_K_01,K,2030,SECOND
MIN_P_01,P,2030,SECOND
GB_QB_01,QB,2031,FIRST
P100007_RB,RB,2031,FIRST
PHI_WR_03,WR,2031,FIRST
NE_WR_02,WR,2031,FIRST
PIT_WR_02,WR,2031,FIRST
DEN_TE_01,TE,2031,FIRST
P100817_OT,OT,2031,FIRST
MIN_OT_01,OT,2031,FIRST
TEN_OG_01,OG,2031,FIRST
P101197_OG,OG,2031,FIRST
CAR_C_01,C,2031,FIRST
P100707_EDGE,EDGE,2031,FIRST
P100586_EDGE,EDGE,2031,FIRST
MIN_DT_01,DT,2031,FIRST
P101200_DT,DT,2031,FIRST
PIT_LB_04,LB,2031,FIRST
P101291_LB,LB,2031,FIRST
CAR_CB_01,CB,2031,FIRST
ATL_CB_02,CB,2031,FIRST
TB_S_01,S,2031,FIRST
ARI_S_01,S,2031,FIRST
NYJ_K_01,K,2031,FIRST
TEN_P_01,P,2031,FIRST
IND_QB_01,QB,2031,SECOND
P100464_RB,RB,2031,SECOND
KC_WR_01,WR,2031,SECOND
NYJ_WR_02,WR,2031,SECOND
P101125_WR,WR,2031,SECOND
SEA_TE_02,TE,2031,SECOND
DAL_OT_02,OT,2031,SECOND
SF_OT_01,OT,2031,SECOND
P100688_OG,OG,2031,SECOND
CAR_OG_01,OG,2031,SECOND
LAC_C_01,C,2031,SECOND
P100946_EDGE,EDGE,2031,SECOND
MIA_EDGE_01,EDGE,2031,SECOND
TEN_DT_01,DT,2031,SECOND
GB_DT_05,DT,2031,SECOND
P100233_LB,LB,2031,SECOND
CAR_LB_01,LB,2031,SECOND
IND_CB_01,CB,2031,SECOND
KC_CB_02,CB,2031,SECOND
DET_S_02,S,2031,SECOND
BUF_S_02,S,2031,SECOND
SF_K_01,K,2031,SECOND
P101131_P,P,2031,SECOND
