honor,player_id,season
MVP,DET_QB_01,2026
FIRST_TEAM_ALL_PRO,DET_QB_01,2026
ALL_STAR,DET_QB_01,2026
ALL_STAR,DET_QB_01,2031
OPOY,CAR_WR_03,2026
FIRST_TEAM_ALL_PRO,CAR_WR_03,2026
ALL_STAR,CAR_WR_03,2026
SECOND_TEAM_ALL_PRO,CAR_WR_03,2027
ALL_STAR,CAR_WR_03,2027
ALL_STAR,CAR_WR_03,2028
ALL_STAR,CAR_WR_03,2029
DPOY,DET_DT_02,2026
FIRST_TEAM_ALL_PRO,DET_DT_02,2026
ALL_STAR,DET_DT_02,2026
OROY,DET_RB_02,2026
ALL_STAR,DET_RB_02,2030
ALL_STAR,DET_RB_02,2031
DROY,DEN_DT_02,2026
ALL_STAR,DEN_DT_02,2026
SECOND_TEAM_ALL_PRO,DEN_DT_02,2027
ALL_STAR,DEN_DT_02,2027
SECOND_TEAM_ALL_PRO,DEN_DT_02,2028
ALL_STAR,DEN_DT_02,2028
ALL_STAR,DEN_DT_02,2030
ALL_STAR,DEN_DT_02,2031
SECOND_TEAM_ALL_PRO,DEN_QB_01,2026
ALL_STAR,DEN_QB_01,2026
ALL_STAR,DEN_QB_01,2027
MVP,DEN_QB_01,2029
ALL_STAR,DEN_QB_01,2029
ALL_STAR,DEN_QB_01,2030
MVP,DEN_QB_01,2031
ALL_STAR,DEN_QB_01,2031
FIRST_TEAM_ALL_PRO,GB_RB_01,2026
ALL_STAR,GB_RB_01,2026
SECOND_TEAM_ALL_PRO,SF_RB_01,2026
ALL_STAR,SF_RB_01,2026
SECOND_TEAM_ALL_PRO,SF_RB_01,2027
ALL_STAR,SF_RB_01,2027
ALL_STAR,SF_RB_01,2028
FIRST_TEAM_ALL_PRO,TEN_WR_01,2026
ALL_STAR,TEN_WR_01,2026
FIRST_TEAM_ALL_PRO,CHI_WR_01,2026
ALL_STAR,CHI_WR_01,2026
ALL_STAR,CHI_WR_01,2030
SECOND_TEAM_ALL_PRO,SF_WR_03,2026
ALL_STAR,SF_WR_03,2026
SECOND_TEAM_ALL_PRO,GB_WR_01,2026
SECOND_TEAM_ALL_PRO,CLE_WR_03,2026
ALL_STAR,CLE_WR_03,2026
FIRST_TEAM_ALL_PRO,TEN_TE_03,2026
SECOND_TEAM_ALL_PRO,TEN_TE_03,2029
ALL_STAR,TEN_TE_03,2029
SECOND_TEAM_ALL_PRO,NYJ_TE_01,2026
ALL_STAR,NYJ_TE_01,2026
FIRST_TEAM_ALL_PRO,NYJ_TE_01,2027
ALL_STAR,NYJ_TE_01,2027
SECOND_TEAM_ALL_PRO,NYJ_TE_01,2028
ALL_STAR,NYJ_TE_01,2028
FIRST_TEAM_ALL_PRO,PHI_OT_02,2026
FIRST_TEAM_ALL_PRO,LV_OT_02,2026
ALL_STAR,LV_OT_02,2026
FIRST_TEAM_ALL_PRO,LV_OT_02,2027
ALL_STAR,LV_OT_02,2027
FIRST_TEAM_ALL_PRO,LV_OT_02,2029
ALL_STAR,LV_OT_02,2029
SECOND_TEAM_ALL_PRO,DAL_OT_01,2026
ALL_STAR,DAL_OT_01,2026
FIRST_TEAM_ALL_PRO,DAL_OT_01,2028
ALL_STAR,DAL_OT_01,2028
SECOND_TEAM_ALL_PRO,NYJ_OT_01,2026
ALL_STAR,NYJ_OT_01,2026
FIRST_TEAM_ALL_PRO,DET_OG_02,2026
ALL_STAR,DET_OG_02,2026
FIRST_TEAM_ALL_PRO,DET_OG_02,2027
ALL_STAR,DET_OG_02,2027
FIRST_TEAM_ALL_PRO,DET_OG_02,2028
ALL_STAR,DET_OG_02,2028
ALL_STAR,DET_OG_02,2029
ALL_STAR,DET_OG_02,2031
FIRST_TEAM_ALL_PRO,IND_OG_01,2026
ALL_STAR,IND_OG_01,2026
FIRST_TEAM_ALL_PRO,IND_OG_01,2027
ALL_STAR,IND_OG_01,2027
ALL_STAR,IND_OG_01,2029
ALL_STAR,IND_OG_01,2030
SECOND_TEAM_ALL_PRO,WAS_OG_02,2026
ALL_STAR,WAS_OG_02,2026
ALL_STAR,WAS_OG_02,2030
ALL_STAR,WAS_OG_02,2031
SECOND_TEAM_ALL_PRO,PIT_OG_02,2026
ALL_STAR,PIT_OG_02,2026
ALL_STAR,PIT_OG_02,2027
FIRST_TEAM_ALL_PRO,PIT_OG_02,2028
ALL_STAR,PIT_OG_02,2028
ALL_STAR,PIT_OG_02,2029
FIRST_TEAM_ALL_PRO,PIT_OG_02,2030
ALL_STAR,PIT_OG_02,2030
ALL_STAR,PIT_OG_02,2031
FIRST_TEAM_ALL_PRO,LAR_C_01,2026
ALL_STAR,LAR_C_01,2026
FIRST_TEAM_ALL_PRO,LAR_C_01,2027
ALL_STAR,LAR_C_01,2027
FIRST_TEAM_ALL_PRO,LAR_C_01,2028
ALL_STAR,LAR_C_01,2028
SECOND_TEAM_ALL_PRO,NO_C_01,2026
ALL_STAR,NO_C_01,2026
FIRST_TEAM_ALL_PRO,NO_C_01,2029
FIRST_TEAM_ALL_PRO,DAL_EDGE_02,2026
ALL_STAR,DAL_EDGE_02,2026
FIRST_TEAM_ALL_PRO,DET_EDGE_01,2026
ALL_STAR,DET_EDGE_01,2026
SECOND_TEAM_ALL_PRO,DET_EDGE_01,2027
ALL_STAR,DET_EDGE_01,2027
SECOND_TEAM_ALL_PRO,PHI_EDGE_01,2026
ALL_STAR,PHI_EDGE_01,2026
ALL_STAR,PHI_EDGE_01,2027
ALL_STAR,PHI_EDGE_01,2028
ALL_STAR,PHI_EDGE_01,2031
SECOND_TEAM_ALL_PRO,ATL_EDGE_01,2026
ALL_STAR,ATL_EDGE_01,2026
FIRST_TEAM_ALL_PRO,TEN_DT_02,2026
ALL_STAR,TEN_DT_02,2026
SECOND_TEAM_ALL_PRO,DET_DT_01,2026
SECOND_TEAM_ALL_PRO,PHI_DT_01,2026
ALL_STAR,PHI_DT_01,2026
DPOY,PHI_DT_01,2029
MOST_IMPROVED,PHI_DT_01,2029
FIRST_TEAM_ALL_PRO,PHI_DT_01,2029
ALL_STAR,PHI_DT_01,2029
ALL_STAR,PHI_DT_01,2030
FIRST_TEAM_ALL_PRO,JAX_LB_01,2026
ALL_STAR,JAX_LB_01,2026
ALL_STAR,JAX_LB_01,2028
FIRST_TEAM_ALL_PRO,JAX_LB_01,2029
ALL_STAR,JAX_LB_01,2029
FIRST_TEAM_ALL_PRO,PIT_LB_02,2026
ALL_STAR,PIT_LB_02,2026
FIRST_TEAM_ALL_PRO,PIT_LB_02,2028
ALL_STAR,PIT_LB_02,2028
SECOND_TEAM_ALL_PRO,ATL_LB_01,2026
ALL_STAR,ATL_LB_01,2026
SECOND_TEAM_ALL_PRO,DET_LB_01,2026
ALL_STAR,DET_LB_01,2026
ALL_STAR,DET_LB_01,2027
FIRST_TEAM_ALL_PRO,KC_CB_02,2026
ALL_STAR,KC_CB_02,2026
ALL_STAR,KC_CB_02,2027
FIRST_TEAM_ALL_PRO,KC_CB_02,2028
ALL_STAR,KC_CB_02,2028
ALL_STAR,KC_CB_02,2029
MOST_IMPROVED,KC_CB_02,2031
SECOND_TEAM_ALL_PRO,KC_CB_02,2031
ALL_STAR,KC_CB_02,2031
FIRST_TEAM_ALL_PRO,ATL_CB_02,2026
ALL_STAR,ATL_CB_02,2026
ALL_STAR,ATL_CB_02,2028
ALL_STAR,ATL_CB_02,2030
FIRST_TEAM_ALL_PRO,ATL_CB_02,2031
ALL_STAR,ATL_CB_02,2031
SECOND_TEAM_ALL_PRO,DEN_CB_02,2026
ALL_STAR,DEN_CB_02,2026
SECOND_TEAM_ALL_PRO,CHI_CB_01,2026
ALL_STAR,CHI_CB_01,2026
FIRST_TEAM_ALL_PRO,SF_S_02,2026
ALL_STAR,SF_S_02,2026
SECOND_TEAM_ALL_PRO,SF_S_02,2028
ALL_STAR,SF_S_02,2028
ALL_STAR,SF_S_02,2029
FIRST_TEAM_ALL_PRO,NYJ_S_02,2026
ALL_STAR,NYJ_S_02,2026
ALL_STAR,NYJ_S_02,2028
SECOND_TEAM_ALL_PRO,TEN_S_01,2026
ALL_STAR,TEN_S_01,2026
SECOND_TEAM_ALL_PRO,TEN_S_01,2027
ALL_STAR,TEN_S_01,2027
ALL_STAR,TEN_S_01,2030
SECOND_TEAM_ALL_PRO,TB_S_01,2026
ALL_STAR,TB_S_01,2026
FIRST_TEAM_ALL_PRO,TB_S_01,2029
ALL_STAR,TB_S_01,2029
ALL_STAR,TB_S_01,2030
FIRST_TEAM_ALL_PRO,TB_S_01,2031
ALL_STAR,TB_S_01,2031
FIRST_TEAM_ALL_PRO,PIT_K_01,2026
SECOND_TEAM_ALL_PRO,LAC_K_01,2026
FIRST_TEAM_ALL_PRO,WAS_P_01,2026
ALL_STAR,WAS_P_01,2026
FIRST_TEAM_ALL_PRO,WAS_P_01,2027
ALL_STAR,WAS_P_01,2028
ALL_STAR,WAS_P_01,2029
FIRST_TEAM_ALL_PRO,WAS_P_01,2030
ALL_STAR,WAS_P_01,2030
ALL_STAR,WAS_P_01,2031
SECOND_TEAM_ALL_PRO,LV_P_01,2026
ALL_STAR,LV_P_01,2026
ALL_STAR,NYJ_QB_01,2026
ALL_STAR,PIT_QB_01,2026
SECOND_TEAM_ALL_PRO,PIT_QB_01,2028
ALL_STAR,PIT_QB_01,2028
ALL_STAR,PIT_QB_01,2029
SECOND_TEAM_ALL_PRO,PIT_QB_01,2030
ALL_STAR,PIT_QB_01,2030
ALL_STAR,PIT_QB_01,2031
ALL_STAR,JAX_RB_01,2026
ALL_STAR,CIN_RB_01,2026
OPOY,CIN_RB_01,2027
FIRST_TEAM_ALL_PRO,CIN_RB_01,2027
ALL_STAR,CIN_RB_01,2027
ALL_STAR,CIN_RB_01,2028
FIRST_TEAM_ALL_PRO,CIN_RB_01,2029
ALL_STAR,CIN_RB_01,2029
FIRST_TEAM_ALL_PRO,CIN_RB_01,2030
ALL_STAR,CIN_RB_01,2030
ALL_STAR,CIN_RB_01,2031
ALL_STAR,DEN_RB_01,2026
ALL_STAR,KC_WR_03,2026
SECOND_TEAM_ALL_PRO,KC_WR_03,2030
ALL_STAR,LV_WR_01,2026
ALL_STAR,LV_WR_01,2027
OPOY,LV_WR_01,2028
FIRST_TEAM_ALL_PRO,LV_WR_01,2028
ALL_STAR,LV_WR_01,2028
ALL_STAR,LV_WR_01,2030
ALL_STAR,KC_TE_01,2026
ALL_STAR,KC_TE_01,2028
ALL_STAR,NYJ_OT_02,2026
ALL_STAR,LAC_OG_02,2026
ALL_STAR,IND_C_01,2026
ALL_STAR,IND_C_01,2028
ALL_STAR,IND_C_01,2029
ALL_STAR,IND_C_01,2031
ALL_STAR,TEN_C_01,2026
ALL_STAR,TEN_C_01,2028
ALL_STAR,TEN_C_01,2029
ALL_STAR,TEN_C_01,2030
ALL_STAR,TEN_C_01,2031
ALL_STAR,CLE_EDGE_01,2026
ALL_STAR,CLE_EDGE_01,2027
SECOND_TEAM_ALL_PRO,CLE_EDGE_01,2028
ALL_STAR,CLE_EDGE_01,2028
FIRST_TEAM_ALL_PRO,CLE_EDGE_01,2029
ALL_STAR,CLE_EDGE_01,2029
ALL_STAR,CLE_EDGE_01,2030
ALL_STAR,CLE_EDGE_01,2031
ALL_STAR,IND_EDGE_01,2026
ALL_STAR,IND_EDGE_01,2027
ALL_STAR,IND_EDGE_01,2030
ALL_STAR,BAL_EDGE_02,2026
ALL_STAR,BAL_EDGE_02,2027
SECOND_TEAM_ALL_PRO,BAL_EDGE_02,2028
ALL_STAR,BAL_EDGE_02,2028
ALL_STAR,BAL_EDGE_02,2029
ALL_STAR,BAL_EDGE_02,2031
ALL_STAR,LV_EDGE_04,2026
ALL_STAR,LV_EDGE_04,2028
ALL_STAR,KC_DT_02,2026
ALL_STAR,PIT_LB_01,2026
ALL_STAR,PIT_LB_01,2027
ALL_STAR,PIT_LB_01,2028
SECOND_TEAM_ALL_PRO,PIT_LB_01,2029
ALL_STAR,PIT_LB_01,2029
ALL_STAR,PIT_LB_01,2030
ALL_STAR,LV_LB_01,2026
ALL_STAR,LV_LB_01,2029
ALL_STAR,DEN_CB_01,2026
FIRST_TEAM_ALL_PRO,DEN_CB_01,2027
ALL_STAR,DEN_CB_01,2027
ALL_STAR,DEN_CB_01,2028
ALL_STAR,KC_CB_03,2026
ALL_STAR,IND_S_02,2026
ALL_STAR,NYJ_K_01,2026
FIRST_TEAM_ALL_PRO,NYJ_K_01,2031
ALL_STAR,NYJ_K_01,2031
ALL_STAR,CAR_QB_01,2026
ALL_STAR,CAR_QB_01,2028
ALL_STAR,CAR_QB_01,2031
ALL_STAR,GB_QB_01,2026
SECOND_TEAM_ALL_PRO,GB_QB_01,2027
ALL_STAR,GB_QB_01,2027
MVP,GB_QB_01,2028
FIRST_TEAM_ALL_PRO,GB_QB_01,2028
ALL_STAR,GB_QB_01,2028
MVP,GB_QB_01,2030
FIRST_TEAM_ALL_PRO,GB_QB_01,2030
ALL_STAR,GB_QB_01,2030
FIRST_TEAM_ALL_PRO,GB_QB_01,2031
ALL_STAR,GB_QB_01,2031
ALL_STAR,PHI_RB_01,2026
ALL_STAR,PHI_RB_01,2027
ALL_STAR,PHI_RB_01,2028
ALL_STAR,PHI_RB_01,2029
ALL_STAR,DET_WR_03,2026
ALL_STAR,DET_WR_03,2029
ALL_STAR,DET_TE_01,2026
FIRST_TEAM_ALL_PRO,DET_TE_01,2028
ALL_STAR,DET_TE_01,2028
ALL_STAR,DET_TE_01,2029
ALL_STAR,DET_TE_01,2030
ALL_STAR,ATL_TE_01,2026
FIRST_TEAM_ALL_PRO,ATL_TE_01,2029
ALL_STAR,ATL_TE_01,2029
ALL_STAR,ATL_TE_01,2031
ALL_STAR,CAR_OT_01,2026
FIRST_TEAM_ALL_PRO,CAR_OT_01,2027
ALL_STAR,CAR_OT_01,2027
ALL_STAR,CAR_OT_01,2029
ALL_STAR,SF_OT_01,2026
FIRST_TEAM_ALL_PRO,SF_OT_01,2030
ALL_STAR,SF_OT_01,2030
SECOND_TEAM_ALL_PRO,SF_OT_01,2031
ALL_STAR,SF_OT_01,2031
ALL_STAR,PHI_OG_01,2026
SECOND_TEAM_ALL_PRO,PHI_OG_01,2027
ALL_STAR,PHI_OG_01,2027
ALL_STAR,PHI_OG_01,2028
ALL_STAR,PHI_OG_01,2030
ALL_STAR,WAS_DT_02,2026
ALL_STAR,PHI_LB_02,2026
ALL_STAR,NYG_LB_01,2026
ALL_STAR,NYG_LB_01,2027
ALL_STAR,ATL_CB_03,2026
ALL_STAR,SF_CB_01,2026
ALL_STAR,SF_CB_01,2031
ALL_STAR,TB_S_02,2026
ALL_STAR,TB_S_02,2027
FIRST_TEAM_ALL_PRO,TB_S_02,2028
ALL_STAR,TB_S_02,2028
SECOND_TEAM_ALL_PRO,TB_S_02,2030
ALL_STAR,TB_S_02,2030
ALL_STAR,TB_S_02,2031
ALL_STAR,NO_K_01,2026
MVP,IND_QB_01,2027
FIRST_TEAM_ALL_PRO,IND_QB_01,2027
ALL_STAR,IND_QB_01,2027
ALL_STAR,IND_QB_01,2028
FIRST_TEAM_ALL_PRO,IND_QB_01,2029
ALL_STAR,IND_QB_01,2029
ALL_STAR,IND_QB_01,2030
SECOND_TEAM_ALL_PRO,IND_QB_01,2031
ALL_STAR,IND_QB_01,2031
DPOY,ATL_DT_01,2027
FIRST_TEAM_ALL_PRO,ATL_DT_01,2027
ALL_STAR,ATL_DT_01,2027
SECOND_TEAM_ALL_PRO,ATL_DT_01,2030
ALL_STAR,ATL_DT_01,2030
OROY,P100022_WR,2027
DROY,P100191_EDGE,2027
ALL_STAR,P100191_EDGE,2029
MOST_IMPROVED,LAR_DT_05,2027
SECOND_TEAM_ALL_PRO,LAR_DT_05,2027
ALL_STAR,LAR_DT_05,2027
FIRST_TEAM_ALL_PRO,CAR_WR_01,2027
ALL_STAR,CAR_WR_01,2027
FIRST_TEAM_ALL_PRO,CAR_WR_01,2028
ALL_STAR,CAR_WR_01,2028
ALL_STAR,CAR_WR_01,2029
ALL_STAR,CAR_WR_01,2030
FIRST_TEAM_ALL_PRO,LAR_WR_02,2027
ALL_STAR,LAR_WR_02,2027
FIRST_TEAM_ALL_PRO,PIT_WR_02,2027
ALL_STAR,PIT_WR_02,2027
ALL_STAR,PIT_WR_02,2028
SECOND_TEAM_ALL_PRO,PIT_WR_02,2029
ALL_STAR,PIT_WR_02,2029
SECOND_TEAM_ALL_PRO,PIT_WR_02,2030
ALL_STAR,PIT_WR_02,2030
FIRST_TEAM_ALL_PRO,PIT_WR_02,2031
ALL_STAR,PIT_WR_02,2031
SECOND_TEAM_ALL_PRO,PHI_WR_03,2027
ALL_STAR,PHI_WR_03,2027
ALL_STAR,PHI_WR_03,2028
OPOY,PHI_WR_03,2029
FIRST_TEAM_ALL_PRO,PHI_WR_03,2029
ALL_STAR,PHI_WR_03,2029
OPOY,PHI_WR_03,2031
FIRST_TEAM_ALL_PRO,PHI_WR_03,2031
ALL_STAR,PHI_WR_03,2031
SECOND_TEAM_ALL_PRO,BAL_WR_03,2027
ALL_STAR,BAL_WR_03,2027
SECOND_TEAM_ALL_PRO,CLE_TE_01,2027
ALL_STAR,CLE_TE_01,2027
SECOND_TEAM_ALL_PRO,TB_OT_02,2027
ALL_STAR,TB_OT_02,2027
SECOND_TEAM_ALL_PRO,PIT_OT_01,2027
SECOND_TEAM_ALL_PRO,LAR_OG_01,2027
ALL_STAR,LAR_OG_01,2028
SECOND_TEAM_ALL_PRO,NE_C_01,2027
ALL_STAR,NE_C_01,2027
FIRST_TEAM_ALL_PRO,DET_EDGE_02,2027
ALL_STAR,DET_EDGE_02,2027
FIRST_TEAM_ALL_PRO,DET_EDGE_02,2029
ALL_STAR,DET_EDGE_02,2029
ALL_STAR,DET_EDGE_02,2031
FIRST_TEAM_ALL_PRO,MIN_EDGE_02,2027
ALL_STAR,MIN_EDGE_02,2027
FIRST_TEAM_ALL_PRO,MIN_EDGE_02,2028
ALL_STAR,MIN_EDGE_02,2028
SECOND_TEAM_ALL_PRO,MIN_EDGE_02,2029
ALL_STAR,MIN_EDGE_02,2029
ALL_STAR,MIN_EDGE_02,2030
SECOND_TEAM_ALL_PRO,SEA_EDGE_02,2027
ALL_STAR,SEA_EDGE_02,2027
FIRST_TEAM_ALL_PRO,CAR_DT_02,2027
ALL_STAR,CAR_DT_02,2027
ALL_STAR,CAR_DT_02,2028
ALL_STAR,CAR_DT_02,2029
FIRST_TEAM_ALL_PRO,BAL_LB_01,2027
ALL_STAR,BAL_LB_01,2027
FIRST_TEAM_ALL_PRO,PIT_LB_04,2027
ALL_STAR,PIT_LB_04,2027
ALL_STAR,PIT_LB_04,2030
FIRST_TEAM_ALL_PRO,PIT_LB_04,2031
ALL_STAR,PIT_LB_04,2031
SECOND_TEAM_ALL_PRO,DET_LB_02,2027
ALL_STAR,DET_LB_02,2028
SECOND_TEAM_ALL_PRO,KC_LB_02,2027
ALL_STAR,KC_LB_02,2027
FIRST_TEAM_ALL_PRO,TEN_CB_03,2027
ALL_STAR,TEN_CB_03,2027
SECOND_TEAM_ALL_PRO,TB_CB_03,2027
ALL_STAR,TB_CB_03,2027
SECOND_TEAM_ALL_PRO,CLE_CB_02,2027
ALL_STAR,CLE_CB_02,2027
ALL_STAR,CLE_CB_02,2030
FIRST_TEAM_ALL_PRO,KC_S_01,2027
ALL_STAR,KC_S_01,2027
ALL_STAR,KC_S_01,2028
FIRST_TEAM_ALL_PRO,ATL_S_01,2027
ALL_STAR,ATL_S_01,2027
SECOND_TEAM_ALL_PRO,CLE_S_02,2027
ALL_STAR,CLE_S_02,2027
FIRST_TEAM_ALL_PRO,KC_K_01,2027
SECOND_TEAM_ALL_PRO,NE_K_01,2027
SECOND_TEAM_ALL_PRO,MIN_P_01,2027
SECOND_TEAM_ALL_PRO,MIN_P_01,2030
ALL_STAR,CIN_QB_01,2027
ALL_STAR,CIN_QB_01,2028
ALL_STAR,CIN_QB_01,2029
ALL_STAR,CIN_QB_01,2030
ALL_STAR,IND_RB_01,2027
ALL_STAR,PIT_RB_01,2027
ALL_STAR,PIT_RB_01,2028
ALL_STAR,PHI_RB_03,2027
ALL_STAR,PHI_RB_03,2028
ALL_STAR,PIT_WR_03,2027
SECOND_TEAM_ALL_PRO,PIT_WR_03,2029
ALL_STAR,PIT_WR_03,2029
ALL_STAR,NO_OT_02,2027
ALL_STAR,NO_OT_02,2028
ALL_STAR,MIN_OT_02,2027
ALL_STAR,MIN_OT_02,2028
ALL_STAR,MIN_OT_02,2029
FIRST_TEAM_ALL_PRO,MIN_OT_02,2030
ALL_STAR,MIN_OT_02,2030
ALL_STAR,MIN_OT_02,2031
ALL_STAR,KC_OG_01,2027
ALL_STAR,CAR_OG_01,2027
SECOND_TEAM_ALL_PRO,CAR_OG_01,2030
ALL_STAR,CAR_OG_01,2030
SECOND_TEAM_ALL_PRO,CAR_OG_01,2031
ALL_STAR,DEN_C_01,2027
ALL_STAR,CLE_DT_04,2027
ALL_STAR,CLE_K_01,2027
ALL_STAR,CIN_P_01,2027
SECOND_TEAM_ALL_PRO,CIN_P_01,2028
ALL_STAR,CIN_P_01,2028
ALL_STAR,CHI_QB_01,2027
ALL_STAR,CHI_QB_01,2029
ALL_STAR,LAR_QB_01,2027
ALL_STAR,LAR_QB_01,2030
ALL_STAR,LAR_TE_02,2027
ALL_STAR,LAC_TE_01,2027
ALL_STAR,SEA_OT_02,2027
ALL_STAR,ARI_C_01,2027
FIRST_TEAM_ALL_PRO,ARI_C_01,2030
ALL_STAR,TB_DT_02,2027
FIRST_TEAM_ALL_PRO,TB_DT_02,2028
ALL_STAR,TB_DT_02,2028
ALL_STAR,TB_DT_02,2030
ALL_STAR,TB_DT_02,2031
ALL_STAR,DAL_LB_02,2027
ALL_STAR,CIN_LB_01,2027
ALL_STAR,DAL_CB_03,2027
ALL_STAR,DAL_CB_03,2029
ALL_STAR,DAL_CB_03,2030
ALL_STAR,CAR_CB_01,2027
FIRST_TEAM_ALL_PRO,CAR_CB_01,2030
ALL_STAR,CAR_CB_01,2030
FIRST_TEAM_ALL_PRO,CAR_CB_01,2031
ALL_STAR,CAR_CB_01,2031
ALL_STAR,MIN_CB_03,2027
ALL_STAR,PHI_S_02,2027
ALL_STAR,PHI_S_02,2029
DPOY,PHI_S_02,2030
FIRST_TEAM_ALL_PRO,PHI_S_02,2030
ALL_STAR,PHI_S_02,2030
ALL_STAR,DET_K_01,2027
ALL_STAR,DET_P_01,2027
DPOY,SF_EDGE_02,2028
FIRST_TEAM_ALL_PRO,SF_EDGE_02,2028
ALL_STAR,SF_EDGE_02,2028
FIRST_TEAM_ALL_PRO,SF_EDGE_02,2030
ALL_STAR,SF_EDGE_02,2030
ALL_STAR,SF_EDGE_02,2031
OROY,P100544_RB,2028
DROY,P100329_LB,2028
MOST_IMPROVED,KC_DT_01,2028
FIRST_TEAM_ALL_PRO,KC_DT_01,2028
ALL_STAR,KC_DT_01,2028
FIRST_TEAM_ALL_PRO,KC_RB_01,2028
ALL_STAR,KC_RB_01,2028
SECOND_TEAM_ALL_PRO,P100058_RB,2028
FIRST_TEAM_ALL_PRO,DEN_WR_01,2028
ALL_STAR,DEN_WR_01,2028
ALL_STAR,DEN_WR_01,2029
ALL_STAR,DEN_WR_01,2030
ALL_STAR,DEN_WR_01,2031
SECOND_TEAM_ALL_PRO,NE_WR_02,2028
ALL_STAR,NE_WR_02,2029
FIRST_TEAM_ALL_PRO,NE_WR_02,2030
ALL_STAR,NE_WR_02,2030
FIRST_TEAM_ALL_PRO,NE_WR_02,2031
ALL_STAR,NE_WR_02,2031
SECOND_TEAM_ALL_PRO,DAL_WR_01,2028
SECOND_TEAM_ALL_PRO,CLE_WR_02,2028
ALL_STAR,CLE_WR_02,2028
FIRST_TEAM_ALL_PRO,ATL_OT_01,2028
ALL_STAR,ATL_OT_01,2028
SECOND_TEAM_ALL_PRO,CLE_OT_02,2028
SECOND_TEAM_ALL_PRO,P100449_OT,2028
SECOND_TEAM_ALL_PRO,PIT_OG_01,2028
ALL_STAR,PIT_OG_01,2028
FIRST_TEAM_ALL_PRO,PIT_OG_01,2029
SECOND_TEAM_ALL_PRO,BAL_OG_02,2028
ALL_STAR,BAL_OG_02,2028
SECOND_TEAM_ALL_PRO,CHI_C_01,2028
SECOND_TEAM_ALL_PRO,CHI_DT_01,2028
ALL_STAR,CHI_DT_01,2028
FIRST_TEAM_ALL_PRO,TB_LB_02,2028
ALL_STAR,TB_LB_02,2028
ALL_STAR,TB_LB_02,2029
SECOND_TEAM_ALL_PRO,FA_LB_159,2028
ALL_STAR,FA_LB_159,2028
SECOND_TEAM_ALL_PRO,TEN_LB_01,2028
ALL_STAR,TEN_LB_01,2028
ALL_STAR,TEN_LB_01,2029
ALL_STAR,TEN_LB_01,2031
FIRST_TEAM_ALL_PRO,NYJ_CB_03,2028
ALL_STAR,NYJ_CB_03,2028
SECOND_TEAM_ALL_PRO,BAL_CB_03,2028
ALL_STAR,BAL_CB_03,2028
SECOND_TEAM_ALL_PRO,NYJ_CB_02,2028
ALL_STAR,NYJ_CB_02,2028
FIRST_TEAM_ALL_PRO,ARI_S_01,2028
FIRST_TEAM_ALL_PRO,ARI_S_01,2031
ALL_STAR,ARI_S_01,2031
SECOND_TEAM_ALL_PRO,CHI_S_01,2028
ALL_STAR,CHI_S_01,2028
FIRST_TEAM_ALL_PRO,LAR_K_01,2028
ALL_STAR,LAR_K_01,2028
SECOND_TEAM_ALL_PRO,GB_K_01,2028
ALL_STAR,GB_K_01,2028
FIRST_TEAM_ALL_PRO,BAL_P_01,2028
ALL_STAR,TEN_OT_01,2028
ALL_STAR,MIN_C_01,2028
ALL_STAR,MIN_C_01,2030
ALL_STAR,JAX_EDGE_01,2028
ALL_STAR,SF_LB_01,2028
ALL_STAR,PIT_CB_02,2028
ALL_STAR,ATL_QB_01,2028
SECOND_TEAM_ALL_PRO,ATL_QB_01,2029
ALL_STAR,ATL_QB_01,2029
ALL_STAR,HOU_WR_01,2028
ALL_STAR,HOU_WR_01,2031
ALL_STAR,TB_TE_01,2028
ALL_STAR,MIN_OT_01,2028
SECOND_TEAM_ALL_PRO,MIN_OT_01,2029
ALL_STAR,MIN_OT_01,2029
ALL_STAR,MIN_OT_01,2030
FIRST_TEAM_ALL_PRO,MIN_OT_01,2031
ALL_STAR,MIN_OT_01,2031
ALL_STAR,BUF_EDGE_01,2028
ALL_STAR,GB_DT_01,2028
FIRST_TEAM_ALL_PRO,GB_DT_01,2030
ALL_STAR,GB_DT_01,2030
ALL_STAR,SF_CB_03,2028
ALL_STAR,SF_CB_03,2029
ALL_STAR,DET_S_02,2028
SECOND_TEAM_ALL_PRO,DET_S_02,2031
ALL_STAR,DET_S_02,2031
OROY,P100615_WR,2029
DROY,P100707_EDGE,2029
ALL_STAR,P100707_EDGE,2029
ALL_STAR,P100707_EDGE,2030
DPOY,P100707_EDGE,2031
FIRST_TEAM_ALL_PRO,P100707_EDGE,2031
ALL_STAR,P100707_EDGE,2031
SECOND_TEAM_ALL_PRO,DAL_RB_03,2029
ALL_STAR,DAL_RB_03,2029
FIRST_TEAM_ALL_PRO,IND_WR_02,2029
FIRST_TEAM_ALL_PRO,CAR_WR_06,2029
FIRST_TEAM_ALL_PRO,CAR_WR_06,2030
SECOND_TEAM_ALL_PRO,DEN_WR_02,2029
FIRST_TEAM_ALL_PRO,LV_OT_01,2029
ALL_STAR,LV_OT_01,2029
ALL_STAR,LV_OT_01,2031
SECOND_TEAM_ALL_PRO,KC_OT_01,2029
ALL_STAR,KC_OT_01,2029
FIRST_TEAM_ALL_PRO,TEN_OG_04,2029
ALL_STAR,TEN_OG_04,2029
SECOND_TEAM_ALL_PRO,PHI_OG_02,2029
ALL_STAR,PHI_OG_02,2029
SECOND_TEAM_ALL_PRO,SF_OG_01,2029
ALL_STAR,SF_OG_01,2029
SECOND_TEAM_ALL_PRO,CAR_C_01,2029
ALL_STAR,CAR_C_01,2029
SECOND_TEAM_ALL_PRO,CAR_C_01,2030
ALL_STAR,CAR_C_01,2030
FIRST_TEAM_ALL_PRO,CAR_C_01,2031
ALL_STAR,CAR_C_01,2031
SECOND_TEAM_ALL_PRO,NO_EDGE_02,2029
ALL_STAR,NO_EDGE_02,2029
FIRST_TEAM_ALL_PRO,DET_DT_03,2029
ALL_STAR,DET_DT_03,2029
SECOND_TEAM_ALL_PRO,JAX_DT_05,2029
SECOND_TEAM_ALL_PRO,MIN_DT_02,2029
FIRST_TEAM_ALL_PRO,JAX_LB_02,2029
ALL_STAR,JAX_LB_02,2029
SECOND_TEAM_ALL_PRO,JAX_LB_02,2030
ALL_STAR,JAX_LB_02,2030
ALL_STAR,JAX_LB_02,2031
SECOND_TEAM_ALL_PRO,CAR_LB_01,2029
SECOND_TEAM_ALL_PRO,CAR_LB_01,2031
ALL_STAR,CAR_LB_01,2031
FIRST_TEAM_ALL_PRO,GB_CB_03,2029
ALL_STAR,GB_CB_03,2029
FIRST_TEAM_ALL_PRO,IND_CB_02,2029
SECOND_TEAM_ALL_PRO,IND_CB_01,2029
ALL_STAR,IND_CB_01,2029
ALL_STAR,IND_CB_01,2030
SECOND_TEAM_ALL_PRO,IND_CB_01,2031
ALL_STAR,IND_CB_01,2031
SECOND_TEAM_ALL_PRO,LAR_CB_02,2029
ALL_STAR,LAR_CB_02,2029
FIRST_TEAM_ALL_PRO,SF_S_01,2029
ALL_STAR,SF_S_01,2029
SECOND_TEAM_ALL_PRO,BUF_S_02,2029
ALL_STAR,BUF_S_02,2029
SECOND_TEAM_ALL_PRO,BUF_S_02,2031
ALL_STAR,BUF_S_02,2031
SECOND_TEAM_ALL_PRO,NYG_S_01,2029
FIRST_TEAM_ALL_PRO,P100306_K,2029
SECOND_TEAM_ALL_PRO,ARI_K_01,2029
ALL_STAR,ARI_K_01,2029
FIRST_TEAM_ALL_PRO,PHI_P_01,2029
SECOND_TEAM_ALL_PRO,ATL_P_01,2029
ALL_STAR,WAS_RB_01,2029
ALL_STAR,P100035_RB,2029
ALL_STAR,P100035_RB,2030
ALL_STAR,DEN_TE_01,2029
SECOND_TEAM_ALL_PRO,DEN_TE_01,2030
ALL_STAR,DEN_TE_01,2030
FIRST_TEAM_ALL_PRO,DEN_TE_01,2031
ALL_STAR,DEN_TE_01,2031
ALL_STAR,LV_C_01,2029
ALL_STAR,IND_EDGE_02,2029
ALL_STAR,BAL_DT_02,2029
SECOND_TEAM_ALL_PRO,BAL_DT_02,2030
ALL_STAR,CIN_CB_03,2029
ALL_STAR,CIN_CB_03,2031
ALL_STAR,JAX_CB_02,2029
ALL_STAR,CIN_S_01,2029
ALL_STAR,IND_P_01,2029
ALL_STAR,KC_RB_03,2029
ALL_STAR,PIT_DT_02,2029
ALL_STAR,CHI_DT_02,2029
ALL_STAR,NE_LB_01,2029
ALL_STAR,NE_LB_01,2030
ALL_STAR,SF_LB_02,2029
ALL_STAR,P100794_K,2029
OPOY,P101125_WR,2030
FIRST_TEAM_ALL_PRO,P101125_WR,2030
ALL_STAR,P101125_WR,2030
SECOND_TEAM_ALL_PRO,P101125_WR,2031
ALL_STAR,P101125_WR,2031
OROY,P100963_RB,2030
SECOND_TEAM_ALL_PRO,P100963_RB,2030
ALL_STAR,P100963_RB,2030
DROY,P101140_S,2030
MOST_IMPROVED,NYG_EDGE_02,2030
SECOND_TEAM_ALL_PRO,P100404_WR,2030
ALL_STAR,P100404_WR,2030
ALL_STAR,P100404_WR,2031
FIRST_TEAM_ALL_PRO,P101142_TE,2030
ALL_STAR,P101142_TE,2030
ALL_STAR,P101142_TE,2031
SECOND_TEAM_ALL_PRO,P100242_OT,2030
ALL_STAR,P100242_OT,2030
SECOND_TEAM_ALL_PRO,HOU_OT_01,2030
FIRST_TEAM_ALL_PRO,NE_OG_01,2030
ALL_STAR,NE_OG_01,2031
SECOND_TEAM_ALL_PRO,SF_OG_02,2030
ALL_STAR,SF_OG_02,2030
FIRST_TEAM_ALL_PRO,P100586_EDGE,2030
ALL_STAR,P100586_EDGE,2030
FIRST_TEAM_ALL_PRO,P100586_EDGE,2031
SECOND_TEAM_ALL_PRO,NYJ_EDGE_01,2030
ALL_STAR,NYJ_EDGE_01,2030
SECOND_TEAM_ALL_PRO,PIT_EDGE_05,2030
FIRST_TEAM_ALL_PRO,NE_DT_01,2030
ALL_STAR,NE_DT_01,2030
ALL_STAR,NE_DT_01,2031
FIRST_TEAM_ALL_PRO,P100783_LB,2030
ALL_STAR,P100783_LB,2030
ALL_STAR,P100783_LB,2031
FIRST_TEAM_ALL_PRO,P100884_LB,2030
ALL_STAR,P100884_LB,2030
SECOND_TEAM_ALL_PRO,P100357_LB,2030
FIRST_TEAM_ALL_PRO,WAS_CB_02,2030
ALL_STAR,WAS_CB_02,2030
ALL_STAR,WAS_CB_02,2031
SECOND_TEAM_ALL_PRO,LAR_CB_01,2030
ALL_STAR,LAR_CB_01,2030
ALL_STAR,LAR_CB_01,2031
SECOND_TEAM_ALL_PRO,LV_CB_06,2030
ALL_STAR,LV_CB_06,2030
FIRST_TEAM_ALL_PRO,DET_S_03,2030
ALL_STAR,DET_S_03,2030
SECOND_TEAM_ALL_PRO,CHI_S_04,2030
FIRST_TEAM_ALL_PRO,FA_K_006,2030
ALL_STAR,FA_K_006,2030
SECOND_TEAM_ALL_PRO,IND_K_01,2030
ALL_STAR,P100817_OT,2030
FIRST_TEAM_ALL_PRO,P100817_OT,2031
ALL_STAR,P100817_OT,2031
ALL_STAR,TB_C_01,2030
ALL_STAR,CAR_S_02,2030
ALL_STAR,CAR_S_02,2031
ALL_STAR,GB_P_01,2030
ALL_STAR,P100464_RB,2030
SECOND_TEAM_ALL_PRO,P100464_RB,2031
ALL_STAR,P100464_RB,2031
ALL_STAR,ARI_RB_02,2030
ALL_STAR,LV_TE_01,2030
ALL_STAR,SF_OT_02,2030
ALL_STAR,ARI_EDGE_02,2030
ALL_STAR,P101195_LB,2030
ALL_STAR,P101195_LB,2031
ALL_STAR,WAS_LB_02,2030
ALL_STAR,P100078_K,2030
OROY,P101365_RB,2031
ALL_STAR,P101365_RB,2031
DROY,P101267_DT,2031
ALL_STAR,P101267_DT,2031
FIRST_TEAM_ALL_PRO,P100007_RB,2031
ALL_STAR,P100007_RB,2031
SECOND_TEAM_ALL_PRO,KC_WR_01,2031
ALL_STAR,KC_WR_01,2031
SECOND_TEAM_ALL_PRO,NYJ_WR_02,2031
SECOND_TEAM_ALL_PRO,SEA_TE_02,2031
SECOND_TEAM_ALL_PRO,DAL_OT_02,2031
ALL_STAR,DAL_OT_02,2031
FIRST_TEAM_ALL_PRO,TEN_OG_01,2031
FIRST_TEAM_ALL_PRO,P101197_OG,2031
ALL_STAR,P101197_OG,2031
SECOND_TEAM_ALL_PRO,P100688_OG,2031
SECOND_TEAM_ALL_PRO,LAC_C_01,2031
SECOND_TEAM_ALL_PRO,P100946_EDGE,2031
ALL_STAR,P100946_EDGE,2031
SECOND_TEAM_ALL_PRO,MIA_EDGE_01,2031
ALL_STAR,MIA_EDGE_01,2031
FIRST_TEAM_ALL_PRO,MIN_DT_01,2031
ALL_STAR,MIN_DT_01,2031
FIRST_TEAM_ALL_PRO,P101200_DT,2031
ALL_STAR,P101200_DT,2031
SECOND_TEAM_ALL_PRO,TEN_DT_01,2031
SECOND_TEAM_ALL_PRO,GB_DT_05,2031
FIRST_TEAM_ALL_PRO,P101291_LB,2031
ALL_STAR,P101291_LB,2031
SECOND_TEAM_ALL_PRO,P100233_LB,2031
ALL_STAR,P100233_LB,2031
SECOND_TEAM_ALL_PRO,SF_K_01,2031
FIRST_TEAM_ALL_PRO,TEN_P_01,2031
SECOND_TEAM_ALL_PRO,P101131_P,2031
ALL_STAR,P101112_RB,2031
ALL_STAR,BAL_C_01,2031
ALL_STAR,CAR_TE_02,2031
ALL_STAR,P101395_OG,2031
ALL_STAR,TEN_K_01,2031
ALL_STAR,DEN_P_01,2031
