prospect_id,draft_year,display_name,position,position_group,college_id,college_name,age,height_inches,weight_lbs,scout_grade,projected_round,floor_rating,ceiling_rating,bust_risk,forty_yard,scouting_confidence,prospect_class,data_class
PRO2027_001,2027,Finley Gerhardt,CB,Secondary,COL0109,Quarry Hill A&M,21,67,197,61.0,Round 6,47,73,14,4.41,MEDIUM,FICTIONAL_GENERATED_PROSPECT,GENERATED
PRO2027_002,2027,Duncan Quinones,DT,Front Seven,COL0114,Kingsbridge University,20,76,322,70.9,Round 4,64,87,22,4.52,MEDIUM,FICTIONAL_GENERATED_PROSPECT,GENERATED
PRO2027_003,2027,Nathanial Dobbins,S,Secondary,COL0148,Cedar Falls State,21,72,221,64.5,Round 5,57,76,33,4.32,MEDIUM,FICTIONAL_GENERATED_PROSPECT,GENERATED
PRO2027_004,2027,Ivan Flannery,P,Specialist,COL0151,Cedar Falls A&M,21,73,221,57.0,Round 7,49,70,83,4.33,HIGH,FICTIONAL_GENERATED_PROSPECT,GENERATED
PRO2027_005,2027,Tobias Winovich,QB,Quarterback,COL0195,Pinehurst Valley Institute,21,74,239,67.5,Round 5,62,78,42,4.43,MEDIUM,FICTIONAL_GENERATED_PROSPECT,GENERATED
PRO2027_006,2027,Kenyon Rinaldi,WR,Receiver,COL0005,Calderwood College,21,69,206,56.9,Round 7,47,64,51,4.47,HIGH,FICTIONAL_GENERATED_PROSPECT,GENERATED
PRO2027_007,2027,Rocco Marsalis,RB,Backfield,COL0055,Redbluff Institute,21,68,211,62.1,Round 6,55,79,35,4.33,LOW,FICTIONAL_GENERATED_PROSPECT,GENERATED
PRO2027_008,2027,Peyton Kolodziej,EDGE,Front Seven,COL0206,Lakemont Tech,21,74,257,66.2,Round 5,60,75,30,4.45,LOW,FICTIONAL_GENERATED_PROSPECT,GENERATED
PRO2027_009,2027,Auden Hobbs,LB,Front Seven,COL0145,Whitepine College,23,74,240,45.4,Priority UDFA,36,64,59,4.45,HIGH,FICTIONAL_GENERATED_PROSPECT,GENERATED
PRO2027_010,2027,Kason Pepperell,RB,Backfield,COL0152,Cedar Falls College,22,68,213,71.1,Round 4,66,83,42,4.53,MEDIUM,FICTIONAL_GENERATED_PROSPECT,GENERATED
PRO2027_011,2027,Ike Rathman,S,Secondary,COL0047,Northcrest College,22,71,197,63.9,Round 5,59,80,3,4.37,LOW,FICTIONAL_GENERATED_PROSPECT,GENERATED
PRO2027_012,2027,Davion Claiborne,OT,O-Line,COL0125,Falcon Ridge Institute,21,77,312,67.1,Round 5,63,89,37,4.83,LOW,FICTIONAL_GENERATED_PROSPECT,GENERATED
PRO2027_013,2027,Larkin Stepnoski,WR,Receiver,COL0122,Falcon Ridge Tech,22,75,180,76.0,Round 3,64,83,68,4.35,LOW,FICTIONAL_GENERATED_PROSPECT,GENERATED
PRO2027_014,2027,Izaiah Arnett,S,Secondary,COL0169,Harrowgate State,22,72,203,55.2,Round 7,45,61,17,4.34,LOW,FICTIONAL_GENERATED_PROSPECT,GENERATED
PRO2027_015,2027,Auden Paschall,S,Secondary,COL0169,Harrowgate State,20,72,208,77.5,Round 3,69,86,25,4.23,LOW,FICTIONAL_GENERATED_PROSPECT,GENERATED
PRO2027_016,2027,Pierce Sessoms,QB,Quarterback,COL0204,Lakemont State,21,78,226,45.9,Priority UDFA,40,62,62,4.55,HIGH,FICTIONAL_GENERATED_PROSPECT,GENERATED
PRO2027_017,2027,Uriah Halloran,S,Secondary,COL0038,Kelvinridge Tech,21,70,213,68.7,Round 4,55,87,57,4.48,MEDIUM,FICTIONAL_GENERATED_PROSPECT,GENERATED
PRO2027_018,2027,Vernon Owusu,OT,O-Line,COL0062,Havenport Institute,21,77,329,50.8,Priority UDFA,39,67,45,4.9,MEDIUM,FICTIONAL_GENERATED_PROSPECT,GENERATED
PRO2027_019,2027,Miller Grantham,TE,Receiver,COL0047,Northcrest College,22,77,247,55.2,Round 7,48,62,34,4.59,MEDIUM,FICTIONAL_GENERATED_PROSPECT,GENERATED
PRO2027_020,2027,Lucian Langford,DT,Front Seven,COL0135,Larkspur University,23,75,330,64.8,Round 5,59,76,59,4.73,HIGH,FICTIONAL_GENERATED_PROSPECT,GENERATED
PRO2027_021,2027,Salem Mayfield,WR,Receiver,COL0207,Lakemont A&M,22,70,221,50.4,Priority UDFA,46,65,44,4.59,MEDIUM,FICTIONAL_GENERATED_PROSPECT,GENERATED
PRO2027_022,2027,Ramsey Crouch,TE,Receiver,COL0198,Copper Creek University,24,76,258,55.1,Round 7,42,63,3,4.49,MEDIUM,FICTIONAL_GENERATED_PROSPECT,GENERATED
PRO2027_023,2027,Halsey Frazier,OG,O-Line,COL0158,Granite Bay A&M,22,76,305,72.6,Round 4,61,92,38,4.65,MEDIUM,FICTIONAL_GENERATED_PROSPECT,GENERATED
PRO2027_024,2027,Sarkis Alcott,S,Secondary,COL0192,Pinehurst Valley Tech,23,70,190,65.2,Round 5,54,84,23,4.54,LOW,FICTIONAL_GENERATED_PROSPECT,GENERATED
PRO2027_025,2027,Kwame Yiadom,S,Secondary,COL0054,Redbluff College,21,70,213,47.6,Priority UDFA,40,53,68,4.62,MEDIUM,FICTIONAL_GENERATED_PROSPECT,GENERATED
PRO2027_026,2027,Tadeo Gentry,OT,O-Line,COL0224,Foxcroft State Tech,21,77,306,30.0,Priority UDFA,35,52,50,4.63,MEDIUM,FICTIONAL_GENERATED_PROSPECT,GENERATED
PRO2027_027,2027,Tobias Beauchamp,OT,O-Line,COL0224,Foxcroft State Tech,20,78,295,91.2,Round 1,79,99,51,4.64,MEDIUM,FICTIONAL_GENERATED_PROSPECT,GENERATED
PRO2027_028,2027,Deion Telfer,RB,Backfield,COL0169,Harrowgate State,21,69,233,67.5,Round 5,58,75,72,4.49,MEDIUM,FICTIONAL_GENERATED_PROSPECT,GENERATED
PRO2027_029,2027,Fletcher Radcliffe,RB,Backfield,COL0042,Kelvinridge State Tech,21,67,205,77.3,Round 3,70,89,59,4.5,LOW,FICTIONAL_GENERATED_PROSPECT,GENERATED
PRO2027_030,2027,Trace Brinkley,CB,Secondary,COL0002,Calderwood University,20,72,183,71.8,Round 4,65,78,49,4.32,MEDIUM,FICTIONAL_GENERATED_PROSPECT,GENERATED
PRO2027_031,2027,Saul Culpepper,DT,Front Seven,COL0090,Westmoor Institute,22,75,328,59.3,Round 6,51,71,53,4.74,MEDIUM,FICTIONAL_GENERATED_PROSPECT,GENERATED
PRO2027_032,2027,Crosby Casillas,CB,Secondary,COL0122,Falcon Ridge Tech,22,68,190,68.7,Round 4,60,81,30,4.48,HIGH,FICTIONAL_GENERATED_PROSPECT,GENERATED
PRO2027_033,2027,Levi Wozniak,CB,Secondary,COL0038,Kelvinridge Tech,21,70,191,65.4,Round 5,54,79,50,4.61,MEDIUM,FICTIONAL_GENERATED_PROSPECT,GENERATED
PRO2027_034,2027,Sable Satterfield,C,O-Line,COL0016,Ashfield University,23,73,308,73.2,Round 3,65,95,54,4.82,LOW,FICTIONAL_GENERATED_PROSPECT,GENERATED
PRO2027_035,2027,Ridge Chukwu,WR,Receiver,COL0180,Mount Verity College,22,70,189,79.4,Round 2,68,90,56,4.37,HIGH,FICTIONAL_GENERATED_PROSPECT,GENERATED
PRO2027_036,2027,Demarco Woolfolk,OT,O-Line,COL0076,Cypress Hollow Institute,23,79,302,55.7,Round 7,51,67,49,4.76,HIGH,FICTIONAL_GENERATED_PROSPECT,GENERATED
PRO2027_037,2027,Warner Minshew,S,Secondary,COL0031,Stonewell Tech,21,72,216,63.7,Round 5,58,81,40,4.49,MEDIUM,FICTIONAL_GENERATED_PROSPECT,GENERATED
PRO2027_038,2027,Kobe Spielman,K,Specialist,COL0180,Mount Verity College,20,71,201,71.9,Round 4,63,84,17,4.33,LOW,FICTIONAL_GENERATED_PROSPECT,GENERATED
PRO2027_039,2027,Matias Puglisi,OT,O-Line,COL0149,Cedar Falls University,21,78,362,73.0,Round 3,66,89,3,4.66,MEDIUM,FICTIONAL_GENERATED_PROSPECT,GENERATED
PRO2027_040,2027,Elian Alderman,LB,Front Seven,COL0192,Pinehurst Valley Tech,22,74,224,69.8,Round 4,60,89,44,4.51,HIGH,FICTIONAL_GENERATED_PROSPECT,GENERATED
PRO2027_041,2027,Salvatore Greenlaw,OT,O-Line,COL0040,Kelvinridge College,22,74,322,70.0,Round 4,62,79,69,4.76,HIGH,FICTIONAL_GENERATED_PROSPECT,GENERATED
PRO2027_042,2027,Leon Spillane,S,Secondary,COL0122,Falcon Ridge Tech,22,72,214,63.7,Round 5,54,86,39,4.67,HIGH,FICTIONAL_GENERATED_PROSPECT,GENERATED
PRO2027_043,2027,Dante Zylstra,CB,Secondary,COL0221,Foxcroft A&M,21,72,203,55.7,Round 7,50,68,46,4.22,LOW,FICTIONAL_GENERATED_PROSPECT,GENERATED
PRO2027_044,2027,Victor Fulmer,DT,Front Seven,COL0072,Cypress Hollow University,21,73,303,35.4,Priority UDFA,35,52,63,4.82,MEDIUM,FICTIONAL_GENERATED_PROSPECT,GENERATED
PRO2027_045,2027,Kaiden Yoshida,RB,Backfield,COL0037,Kelvinridge University,22,69,225,78.3,Round 2,73,89,60,4.6,MEDIUM,FICTIONAL_GENERATED_PROSPECT,GENERATED
PRO2027_046,2027,Izaiah Makinen,RB,Backfield,COL0073,Cypress Hollow Tech,20,73,210,54.0,Round 7,43,71,67,4.56,LOW,FICTIONAL_GENERATED_PROSPECT,GENERATED
PRO2027_047,2027,Fitz Schmitz,C,O-Line,COL0036,Kelvinridge State,21,74,300,67.2,Round 5,56,87,49,4.73,MEDIUM,FICTIONAL_GENERATED_PROSPECT,GENERATED
PRO2027_048,2027,Vann Cortés,EDGE,Front Seven,COL0094,Bellhaven Tech,20,76,242,86.2,Round 1,73,97,57,4.47,LOW,FICTIONAL_GENERATED_PROSPECT,GENERATED
PRO2027_049,2027,Sergio Reinhold,WR,Receiver,COL0172,Harrowgate A&M,21,75,185,67.6,Round 5,54,90,60,4.39,LOW,FICTIONAL_GENERATED_PROSPECT,GENERATED
PRO2027_050,2027,Willem Sanborn,RB,Backfield,COL0108,Quarry Hill Tech,22,71,221,65.1,Round 5,58,80,47,4.42,MEDIUM,FICTIONAL_GENERATED_PROSPECT,GENERATED
PRO2027_051,2027,Tadeo Gholston,DT,Front Seven,COL0047,Northcrest College,22,76,325,56.6,Round 7,44,73,56,4.35,HIGH,FICTIONAL_GENERATED_PROSPECT,GENERATED
PRO2027_052,2027,Ryland Brasher,CB,Secondary,COL0008,Fort Grayson State,22,68,201,51.2,Priority UDFA,42,67,60,4.41,HIGH,FICTIONAL_GENERATED_PROSPECT,GENERATED
PRO2027_053,2027,Percival Newsome,TE,Receiver,COL0131,Emberton College,21,76,246,53.5,Round 7,49,76,35,4.73,HIGH,FICTIONAL_GENERATED_PROSPECT,GENERATED
PRO2027_054,2027,Talon Schofield,CB,Secondary,COL0051,Redbluff University,21,72,194,39.7,Priority UDFA,35,50,64,4.37,LOW,FICTIONAL_GENERATED_PROSPECT,GENERATED
PRO2027_055,2027,Ferris Duckworth,EDGE,Front Seven,COL0245,Talbot State Tech,22,75,259,80.0,Round 2,66,89,71,4.64,HIGH,FICTIONAL_GENERATED_PROSPECT,GENERATED
PRO2027_056,2027,Sarkis Uche,EDGE,Front Seven,COL0213,Ravensburg Tech,20,76,247,72.3,Round 4,61,84,59,4.59,MEDIUM,FICTIONAL_GENERATED_PROSPECT,GENERATED
PRO2027_057,2027,Hiram Willingham,OT,O-Line,COL0196,Pinehurst Valley State Tech,20,76,315,53.7,Round 7,47,62,49,4.54,MEDIUM,FICTIONAL_GENERATED_PROSPECT,GENERATED
PRO2027_058,2027,Kavion Zimmerman,RB,Backfield,COL0181,Mount Verity Institute,22,71,219,68.6,Round 4,55,91,48,4.3,LOW,FICTIONAL_GENERATED_PROSPECT,GENERATED
PRO2027_059,2027,Cormac Chukwu,TE,Receiver,COL0112,Quarry Hill State Tech,22,78,248,52.0,Priority UDFA,39,68,46,4.32,HIGH,FICTIONAL_GENERATED_PROSPECT,GENERATED
PRO2027_060,2027,Houston Delacruz,EDGE,Front Seven,COL0100,Thornfield University,22,76,263,66.9,Round 5,60,73,48,4.6,LOW,FICTIONAL_GENERATED_PROSPECT,GENERATED
PRO2027_061,2027,Duke Loflin,OT,O-Line,COL0092,Bellhaven State,22,75,315,67.6,Round 5,63,83,51,4.93,MEDIUM,FICTIONAL_GENERATED_PROSPECT,GENERATED
PRO2027_062,2027,Seamus Tucker,CB,Secondary,COL0088,Westmoor A&M,21,69,192,51.1,Priority UDFA,43,61,29,4.55,MEDIUM,FICTIONAL_GENERATED_PROSPECT,GENERATED
PRO2027_063,2027,Corbin Tyree,OG,O-Line,COL0109,Quarry Hill A&M,20,74,308,83.7,Round 2,74,99,36,4.82,MEDIUM,FICTIONAL_GENERATED_PROSPECT,GENERATED
PRO2027_064,2027,Ashton Courtland,CB,Secondary,COL0185,Sunderland Tech,22,70,201,79.3,Round 2,67,87,58,4.22,MEDIUM,FICTIONAL_GENERATED_PROSPECT,GENERATED
PRO2027_065,2027,Arch Lavender,LB,Front Seven,COL0216,Ravensburg Institute,21,74,244,34.2,Priority UDFA,35,50,58,4.49,MEDIUM,FICTIONAL_GENERATED_PROSPECT,GENERATED
PRO2027_066,2027,Cedric Percival,TE,Receiver,COL0112,Quarry Hill State Tech,22,78,265,55.2,Round 7,44,70,77,4.86,MEDIUM,FICTIONAL_GENERATED_PROSPECT,GENERATED
PRO2027_067,2027,Yardley Burnell,OG,O-Line,COL0198,Copper Creek University,20,76,303,73.9,Round 3,69,88,18,4.76,LOW,FICTIONAL_GENERATED_PROSPECT,GENERATED
PRO2027_068,2027,Zuri Telfer,LB,Front Seven,COL0212,Ravensburg University,20,73,248,54.3,Round 7,45,66,70,4.58,MEDIUM,FICTIONAL_GENERATED_PROSPECT,GENERATED
PRO2027_069,2027,Kelvin Navarrete,LB,Front Seven,COL0122,Falcon Ridge Tech,21,72,219,73.5,Round 3,66,84,97,4.5,LOW,FICTIONAL_GENERATED_PROSPECT,GENERATED
PRO2027_070,2027,Lyle McLendon,QB,Quarterback,COL0052,Redbluff Tech,20,76,221,67.2,Round 5,60,88,31,4.38,MEDIUM,FICTIONAL_GENERATED_PROSPECT,GENERATED
PRO2027_071,2027,Stanton Taliaferro,EDGE,Front Seven,COL0061,Havenport College,20,75,275,54.2,Round 7,46,74,46,4.54,LOW,FICTIONAL_GENERATED_PROSPECT,GENERATED
PRO2027_072,2027,Fritz Mascarenas,P,Specialist,COL0246,Winslow State,20,71,202,66.9,Round 5,60,87,10,4.37,MEDIUM,FICTIONAL_GENERATED_PROSPECT,GENERATED
PRO2027_073,2027,Aubrey Sutherland,TE,Receiver,COL0149,Cedar Falls University,22,77,270,65.6,Round 5,56,73,64,4.35,MEDIUM,FICTIONAL_GENERATED_PROSPECT,GENERATED
PRO2027_074,2027,Deshaun Prendergast,WR,Receiver,COL0176,Mount Verity State,23,69,223,56.3,Round 7,47,79,47,4.44,MEDIUM,FICTIONAL_GENERATED_PROSPECT,GENERATED
PRO2027_075,2027,Montell Castellan,CB,Secondary,COL0230,Dunmore Institute,21,68,184,75.8,Round 3,63,87,36,4.59,HIGH,FICTIONAL_GENERATED_PROSPECT,GENERATED
PRO2027_076,2027,Darian Maunakea,S,Secondary,COL0249,Winslow A&M,22,71,215,57.3,Round 7,52,65,43,4.62,HIGH,FICTIONAL_GENERATED_PROSPECT,GENERATED
PRO2027_077,2027,Ladarius Devereaux,DT,Front Seven,COL0012,Fort Grayson College,21,73,331,37.4,Priority UDFA,35,55,56,4.74,MEDIUM,FICTIONAL_GENERATED_PROSPECT,GENERATED
PRO2027_078,2027,Malcolm Zapatero,EDGE,Front Seven,COL0134,Larkspur State,21,75,257,46.0,Priority UDFA,37,57,35,4.48,HIGH,FICTIONAL_GENERATED_PROSPECT,GENERATED
PRO2027_079,2027,Micah Legette,LB,Front Seven,COL0233,Clearwater Ridge University,20,74,226,75.8,Round 3,70,97,45,4.65,MEDIUM,FICTIONAL_GENERATED_PROSPECT,GENERATED
PRO2027_080,2027,Hayes Woodhead,TE,Receiver,COL0026,Marbury College,22,75,251,60.5,Round 6,48,82,30,4.66,MEDIUM,FICTIONAL_GENERATED_PROSPECT,GENERATED
PRO2027_081,2027,Augustus Creswell,QB,Quarterback,COL0139,Larkspur Institute,22,76,217,70.8,Round 4,59,90,8,4.47,MEDIUM,FICTIONAL_GENERATED_PROSPECT,GENERATED
PRO2027_082,2027,Slade Carmody,DT,Front Seven,COL0037,Kelvinridge University,20,77,305,85.7,Round 1,73,96,57,4.69,LOW,FICTIONAL_GENERATED_PROSPECT,GENERATED
PRO2027_083,2027,Amos Spielman,S,Secondary,COL0168,Sablewood State Tech,22,72,197,59.2,Round 6,53,76,52,4.48,HIGH,FICTIONAL_GENERATED_PROSPECT,GENERATED
PRO2027_084,2027,Bexley Passmore,EDGE,Front Seven,COL0175,Harrowgate State Tech,21,75,262,62.9,Round 6,53,77,58,4.65,MEDIUM,FICTIONAL_GENERATED_PROSPECT,GENERATED
PRO2027_085,2027,Chandler Ogletree,EDGE,Front Seven,COL0193,Pinehurst Valley A&M,21,75,264,47.9,Priority UDFA,40,64,27,4.7,HIGH,FICTIONAL_GENERATED_PROSPECT,GENERATED
PRO2027_086,2027,Draven Lilliard,RB,Backfield,COL0116,Kingsbridge A&M,21,69,196,51.7,Priority UDFA,41,73,40,4.5,MEDIUM,FICTIONAL_GENERATED_PROSPECT,GENERATED
PRO2027_087,2027,Damon Stanback,OT,O-Line,COL0002,Calderwood University,21,77,311,45.6,Priority UDFA,38,55,57,4.62,MEDIUM,FICTIONAL_GENERATED_PROSPECT,GENERATED
PRO2027_088,2027,Zaire Mayfield,LS,Specialist,COL0244,Talbot Institute,22,72,251,62.5,Round 6,50,72,51,4.59,HIGH,FICTIONAL_GENERATED_PROSPECT,GENERATED
PRO2027_089,2027,Reeves Reinhold,OG,O-Line,COL0095,Bellhaven A&M,22,75,316,63.8,Round 5,51,82,59,4.79,MEDIUM,FICTIONAL_GENERATED_PROSPECT,GENERATED
PRO2027_090,2027,Hampton Pastrana,QB,Quarterback,COL0103,Thornfield College,22,74,224,56.6,Round 7,48,75,43,4.4,MEDIUM,FICTIONAL_GENERATED_PROSPECT,GENERATED
PRO2027_091,2027,Spencer Lenoir,TE,Receiver,COL0108,Quarry Hill Tech,23,74,273,59.8,Round 6,46,66,41,4.86,LOW,FICTIONAL_GENERATED_PROSPECT,GENERATED
PRO2027_092,2027,Victor Prioleau,LB,Front Seven,COL0246,Winslow State,20,73,235,58.3,Round 6,47,74,45,4.43,LOW,FICTIONAL_GENERATED_PROSPECT,GENERATED
PRO2027_093,2027,Earl Bedard,TE,Receiver,COL0170,Harrowgate University,20,75,238,51.3,Priority UDFA,40,74,42,4.68,LOW,FICTIONAL_GENERATED_PROSPECT,GENERATED
PRO2027_094,2027,Orson Wolfington,C,O-Line,COL0077,Cypress Hollow State Tech,20,74,301,66.2,Round 5,54,74,74,4.73,MEDIUM,FICTIONAL_GENERATED_PROSPECT,GENERATED
PRO2027_095,2027,Paxton Clevenger,P,Specialist,COL0194,Pinehurst Valley College,21,78,202,65.0,Round 5,60,85,52,4.45,HIGH,FICTIONAL_GENERATED_PROSPECT,GENERATED
PRO2027_096,2027,Errol Navarrete,OG,O-Line,COL0170,Harrowgate University,21,73,315,54.8,Round 7,43,68,17,4.83,HIGH,FICTIONAL_GENERATED_PROSPECT,GENERATED
PRO2027_097,2027,Raul Osweiler,WR,Receiver,COL0073,Cypress Hollow Tech,21,74,197,76.5,Round 3,70,93,28,4.26,HIGH,FICTIONAL_GENERATED_PROSPECT,GENERATED
PRO2027_098,2027,Cassian Tenpenny,CB,Secondary,COL0073,Cypress Hollow Tech,22,72,211,53.8,Round 7,40,62,46,4.62,MEDIUM,FICTIONAL_GENERATED_PROSPECT,GENERATED
PRO2027_099,2027,Baylor Vinovich,WR,Receiver,COL0038,Kelvinridge Tech,21,70,224,44.6,Priority UDFA,40,63,36,4.6,LOW,FICTIONAL_GENERATED_PROSPECT,GENERATED
PRO2027_100,2027,Adonis Everhart,P,Specialist,COL0184,Sunderland University,22,71,198,52.8,Priority UDFA,48,61,36,4.62,MEDIUM,FICTIONAL_GENERATED_PROSPECT,GENERATED
PRO2027_101,2027,Lazaro Ironside,TE,Receiver,COL0133,Emberton State Tech,22,77,236,45.7,Priority UDFA,35,66,43,4.46,HIGH,FICTIONAL_GENERATED_PROSPECT,GENERATED
PRO2027_102,2027,Atticus Rathman,TE,Receiver,COL0206,Lakemont Tech,21,79,246,45.5,Priority UDFA,39,66,47,4.53,MEDIUM,FICTIONAL_GENERATED_PROSPECT,GENERATED
PRO2027_103,2027,Kruz Sullivan,CB,Secondary,COL0026,Marbury College,22,68,193,64.5,Round 5,52,87,48,4.58,MEDIUM,FICTIONAL_GENERATED_PROSPECT,GENERATED
PRO2027_104,2027,Delano Orlovsky,EDGE,Front Seven,COL0224,Foxcroft State Tech,22,75,284,77.2,Round 3,73,93,53,4.62,MEDIUM,FICTIONAL_GENERATED_PROSPECT,GENERATED
PRO2027_105,2027,Chandler Whitfield,CB,Secondary,COL0180,Mount Verity College,22,69,188,63.1,Round 5,51,84,49,4.22,MEDIUM,FICTIONAL_GENERATED_PROSPECT,GENERATED
PRO2027_106,2027,Graham Kanell,EDGE,Front Seven,COL0013,Fort Grayson Institute,20,75,269,73.0,Round 4,59,85,34,4.89,MEDIUM,FICTIONAL_GENERATED_PROSPECT,GENERATED
PRO2027_107,2027,Archer Santoro,EDGE,Front Seven,COL0083,Iron Gate Institute,22,75,263,73.4,Round 3,62,83,24,4.64,MEDIUM,FICTIONAL_GENERATED_PROSPECT,GENERATED
PRO2027_108,2027,Ellis Wattenberg,CB,Secondary,COL0068,Silverlake College,21,72,182,53.2,Round 7,42,74,51,4.38,MEDIUM,FICTIONAL_GENERATED_PROSPECT,GENERATED
PRO2027_109,2027,Hector Marchand,OT,O-Line,COL0028,Marbury State Tech,21,76,304,54.4,Round 7,41,69,24,4.84,LOW,FICTIONAL_GENERATED_PROSPECT,GENERATED
PRO2027_110,2027,Osmond Dubois,WR,Receiver,COL0038,Kelvinridge Tech,23,70,182,49.4,Priority UDFA,43,63,35,4.27,MEDIUM,FICTIONAL_GENERATED_PROSPECT,GENERATED
PRO2027_111,2027,Arch Wyckoff,WR,Receiver,COL0065,Silverlake University,22,74,220,58.6,Round 6,53,80,37,4.5,LOW,FICTIONAL_GENERATED_PROSPECT,GENERATED
PRO2027_112,2027,Sergio Gainer,S,Secondary,COL0048,Northcrest Institute,22,73,204,53.8,Round 7,40,66,7,4.57,HIGH,FICTIONAL_GENERATED_PROSPECT,GENERATED
PRO2027_113,2027,Raul Linscomb,C,O-Line,COL0168,Sablewood State Tech,21,73,292,67.7,Round 5,61,74,40,4.7,MEDIUM,FICTIONAL_GENERATED_PROSPECT,GENERATED
PRO2027_114,2027,Luca Howze,WR,Receiver,COL0007,Calderwood State Tech,21,70,182,64.1,Round 5,54,75,25,4.22,LOW,FICTIONAL_GENERATED_PROSPECT,GENERATED
PRO2027_115,2027,Willem Neasman,S,Secondary,COL0055,Redbluff Institute,20,71,210,77.3,Round 3,64,87,44,4.69,LOW,FICTIONAL_GENERATED_PROSPECT,GENERATED
PRO2027_116,2027,Ike Stockton,P,Specialist,COL0004,Calderwood A&M,20,74,210,56.1,Round 7,46,79,49,4.53,MEDIUM,FICTIONAL_GENERATED_PROSPECT,GENERATED
PRO2027_117,2027,Micah Valentino,WR,Receiver,COL0107,Quarry Hill University,20,70,212,59.3,Round 6,49,70,51,4.22,MEDIUM,FICTIONAL_GENERATED_PROSPECT,GENERATED
PRO2027_118,2027,Bram Eckhardt,OG,O-Line,COL0174,Harrowgate Institute,20,76,299,62.0,Round 6,55,84,12,4.63,MEDIUM,FICTIONAL_GENERATED_PROSPECT,GENERATED
PRO2027_119,2027,Merrick Taliaferro,S,Secondary,COL0047,Northcrest College,21,72,202,66.0,Round 5,62,73,93,4.27,MEDIUM,FICTIONAL_GENERATED_PROSPECT,GENERATED
PRO2027_120,2027,Cairo Howze,EDGE,Front Seven,COL0169,Harrowgate State,20,76,238,66.1,Round 5,56,77,13,4.47,HIGH,FICTIONAL_GENERATED_PROSPECT,GENERATED
PRO2027_121,2027,Quill Villalobos,C,O-Line,COL0179,Mount Verity A&M,22,78,309,51.4,Priority UDFA,46,57,47,4.47,MEDIUM,FICTIONAL_GENERATED_PROSPECT,GENERATED
PRO2027_122,2027,Linus Pettaway,DT,Front Seven,COL0084,Iron Gate State Tech,22,73,329,80.7,Round 2,70,99,40,4.7,LOW,FICTIONAL_GENERATED_PROSPECT,GENERATED
PRO2027_123,2027,Granger Burrage,S,Secondary,COL0207,Lakemont A&M,20,72,201,51.3,Priority UDFA,44,74,11,4.29,HIGH,FICTIONAL_GENERATED_PROSPECT,GENERATED
PRO2027_124,2027,Emmett Dupree,DT,Front Seven,COL0122,Falcon Ridge Tech,20,74,298,69.9,Round 4,62,79,57,4.72,MEDIUM,FICTIONAL_GENERATED_PROSPECT,GENERATED
PRO2027_125,2027,Cairo Karras,OG,O-Line,COL0122,Falcon Ridge Tech,22,76,305,47.7,Priority UDFA,36,56,19,4.74,LOW,FICTIONAL_GENERATED_PROSPECT,GENERATED
PRO2027_126,2027,Julius Monfort,C,O-Line,COL0019,Ashfield College,21,76,301,78.4,Round 2,66,89,40,4.7,HIGH,FICTIONAL_GENERATED_PROSPECT,GENERATED
PRO2027_127,2027,Eero Mortenson,DT,Front Seven,COL0242,Talbot A&M,21,75,308,66.7,Round 5,58,73,29,4.53,HIGH,FICTIONAL_GENERATED_PROSPECT,GENERATED
PRO2027_128,2027,Sarkis Bouchard,CB,Secondary,COL0008,Fort Grayson State,22,73,208,65.2,Round 5,57,79,74,4.26,LOW,FICTIONAL_GENERATED_PROSPECT,GENERATED
PRO2027_129,2027,Yosef Kelleher,OT,O-Line,COL0144,Whitepine A&M,21,74,317,57.1,Round 7,44,70,52,4.62,MEDIUM,FICTIONAL_GENERATED_PROSPECT,GENERATED
PRO2027_130,2027,Lyle Yarborough,WR,Receiver,COL0205,Lakemont University,22,76,213,58.4,Round 6,51,70,80,4.24,LOW,FICTIONAL_GENERATED_PROSPECT,GENERATED
PRO2027_131,2027,Nathanial Ratliff,OG,O-Line,COL0124,Falcon Ridge College,21,75,329,73.5,Round 3,64,96,32,4.69,MEDIUM,FICTIONAL_GENERATED_PROSPECT,GENERATED
PRO2027_132,2027,Matias Skowronek,LB,Front Seven,COL0037,Kelvinridge University,21,74,242,55.2,Round 7,49,63,39,4.53,LOW,FICTIONAL_GENERATED_PROSPECT,GENERATED
PRO2027_133,2027,Axel Peebles,S,Secondary,COL0217,Ravensburg State Tech,21,70,204,43.2,Priority UDFA,35,65,22,4.54,MEDIUM,FICTIONAL_GENERATED_PROSPECT,GENERATED
PRO2027_134,2027,Ashton Kanell,EDGE,Front Seven,COL0061,Havenport College,21,74,265,57.1,Round 7,52,72,40,4.52,HIGH,FICTIONAL_GENERATED_PROSPECT,GENERATED
PRO2027_135,2027,Cassian Stroman,WR,Receiver,COL0076,Cypress Hollow Institute,22,73,189,65.0,Round 5,53,82,80,4.53,HIGH,FICTIONAL_GENERATED_PROSPECT,GENERATED
PRO2027_136,2027,Beckham Quarterman,FB,Backfield,COL0216,Ravensburg Institute,22,69,229,72.1,Round 4,66,93,40,4.41,MEDIUM,FICTIONAL_GENERATED_PROSPECT,GENERATED
PRO2027_137,2027,Halsey Poindexter,DT,Front Seven,COL0180,Mount Verity College,21,73,300,46.7,Priority UDFA,40,58,65,4.7,LOW,FICTIONAL_GENERATED_PROSPECT,GENERATED
PRO2027_138,2027,Omari Creswell,DT,Front Seven,COL0156,Granite Bay University,22,75,331,71.8,Round 4,62,91,39,4.7,MEDIUM,FICTIONAL_GENERATED_PROSPECT,GENERATED
PRO2027_139,2027,Dexter Buckhalter,LB,Front Seven,COL0110,Quarry Hill College,22,73,227,62.6,Round 6,50,71,30,4.59,HIGH,FICTIONAL_GENERATED_PROSPECT,GENERATED
PRO2027_140,2027,Eero Harmon,LB,Front Seven,COL0204,Lakemont State,22,74,225,85.3,Round 1,76,99,49,4.47,LOW,FICTIONAL_GENERATED_PROSPECT,GENERATED
PRO2027_141,2027,Weston Rainsberger,RB,Backfield,COL0251,Winslow Institute,23,69,217,64.4,Round 5,51,81,44,4.4,MEDIUM,FICTIONAL_GENERATED_PROSPECT,GENERATED
PRO2027_142,2027,Landry Simmerman,WR,Receiver,COL0157,Granite Bay Tech,22,75,196,40.1,Priority UDFA,35,53,46,4.35,MEDIUM,FICTIONAL_GENERATED_PROSPECT,GENERATED
PRO2027_143,2027,Tyrell Sorrentino,TE,Receiver,COL0169,Harrowgate State,21,75,256,56.0,Round 7,49,73,58,4.69,MEDIUM,FICTIONAL_GENERATED_PROSPECT,GENERATED
PRO2027_144,2027,Maxton Seeley,RB,Backfield,COL0195,Pinehurst Valley Institute,23,70,213,81.8,Round 2,75,93,27,4.62,MEDIUM,FICTIONAL_GENERATED_PROSPECT,GENERATED
PRO2027_145,2027,Patton Olawale,RB,Backfield,COL0028,Marbury State Tech,21,69,230,56.8,Round 7,52,63,58,4.33,MEDIUM,FICTIONAL_GENERATED_PROSPECT,GENERATED
PRO2027_146,2027,Sergio Fetterman,WR,Receiver,COL0035,Stonewell State Tech,23,70,206,55.4,Round 7,48,69,55,4.61,LOW,FICTIONAL_GENERATED_PROSPECT,GENERATED
PRO2027_147,2027,Eli Hemsley,WR,Receiver,COL0192,Pinehurst Valley Tech,21,71,198,68.7,Round 4,56,91,46,4.22,HIGH,FICTIONAL_GENERATED_PROSPECT,GENERATED
PRO2027_148,2027,Rafferty Randle,OG,O-Line,COL0031,Stonewell Tech,22,74,315,71.2,Round 4,59,91,77,4.76,HIGH,FICTIONAL_GENERATED_PROSPECT,GENERATED
PRO2027_149,2027,Zamir Wharton,DT,Front Seven,COL0234,Clearwater Ridge Tech,22,75,333,67.7,Round 5,55,88,61,4.75,MEDIUM,FICTIONAL_GENERATED_PROSPECT,GENERATED
PRO2027_150,2027,Gannon Marsalis,CB,Secondary,COL0061,Havenport College,20,69,198,93.4,Round 1,82,99,69,4.64,HIGH,FICTIONAL_GENERATED_PROSPECT,GENERATED
PRO2027_151,2027,Palmer Kuechly,QB,Quarterback,COL0064,Silverlake State,23,75,241,84.3,Round 1,78,99,26,4.44,MEDIUM,FICTIONAL_GENERATED_PROSPECT,GENERATED
PRO2027_152,2027,Kendrick Lamarque,QB,Quarterback,COL0131,Emberton College,21,73,214,41.5,Priority UDFA,35,64,35,4.75,MEDIUM,FICTIONAL_GENERATED_PROSPECT,GENERATED
PRO2027_153,2027,Raul Leblanc,LB,Front Seven,COL0109,Quarry Hill A&M,22,76,242,55.4,Round 7,49,65,52,4.4,MEDIUM,FICTIONAL_GENERATED_PROSPECT,GENERATED
PRO2027_154,2027,Mateo Hopkins,CB,Secondary,COL0172,Harrowgate A&M,22,72,197,51.9,Priority UDFA,44,74,49,4.33,MEDIUM,FICTIONAL_GENERATED_PROSPECT,GENERATED
PRO2027_155,2027,Sullivan Kenney,WR,Receiver,COL0023,Marbury University,21,74,208,70.9,Round 4,60,76,48,4.61,LOW,FICTIONAL_GENERATED_PROSPECT,GENERATED
PRO2027_156,2027,Silas Rombach,RB,Backfield,COL0171,Harrowgate Tech,20,68,234,49.5,Priority UDFA,44,71,40,4.26,HIGH,FICTIONAL_GENERATED_PROSPECT,GENERATED
PRO2027_157,2027,Salvatore Carlisle,CB,Secondary,COL0060,Havenport A&M,20,70,199,72.6,Round 4,60,87,53,4.39,MEDIUM,FICTIONAL_GENERATED_PROSPECT,GENERATED
PRO2027_158,2027,Ignacio Kraft,S,Secondary,COL0172,Harrowgate A&M,22,74,201,86.9,Round 1,78,94,69,4.57,LOW,FICTIONAL_GENERATED_PROSPECT,GENERATED
PRO2027_159,2027,Hugo Fairbanks,RB,Backfield,COL0230,Dunmore Institute,22,70,198,71.6,Round 4,67,83,54,4.45,HIGH,FICTIONAL_GENERATED_PROSPECT,GENERATED
PRO2027_160,2027,Zephyr Gauthier,LB,Front Seven,COL0028,Marbury State Tech,22,71,237,70.6,Round 4,57,93,31,4.36,LOW,FICTIONAL_GENERATED_PROSPECT,GENERATED
PRO2027_161,2027,Maurice Hitchens,LB,Front Seven,COL0028,Marbury State Tech,22,74,270,57.0,Round 7,50,78,55,4.46,HIGH,FICTIONAL_GENERATED_PROSPECT,GENERATED
PRO2027_162,2027,Cedric Veilleux,DT,Front Seven,COL0248,Winslow Tech,21,74,294,52.6,Priority UDFA,47,71,61,4.82,MEDIUM,FICTIONAL_GENERATED_PROSPECT,GENERATED
PRO2027_163,2027,Magnus Strahan,S,Secondary,COL0232,Clearwater Ridge State,22,70,200,66.0,Round 5,58,78,57,4.47,MEDIUM,FICTIONAL_GENERATED_PROSPECT,GENERATED
PRO2027_164,2027,Maverick Sutherland,OT,O-Line,COL0114,Kingsbridge University,20,77,331,43.7,Priority UDFA,37,63,52,4.62,HIGH,FICTIONAL_GENERATED_PROSPECT,GENERATED
PRO2027_165,2027,Horace Lambright,CB,Secondary,COL0144,Whitepine A&M,20,69,195,58.3,Round 6,51,64,33,4.44,HIGH,FICTIONAL_GENERATED_PROSPECT,GENERATED
PRO2027_166,2027,Easton Zamora,EDGE,Front Seven,COL0179,Mount Verity A&M,21,75,250,60.9,Round 6,53,81,40,4.57,HIGH,FICTIONAL_GENERATED_PROSPECT,GENERATED
PRO2027_167,2027,Palmer Sagapolutele,OG,O-Line,COL0007,Calderwood State Tech,21,75,319,64.9,Round 5,57,72,39,4.64,LOW,FICTIONAL_GENERATED_PROSPECT,GENERATED
PRO2027_168,2027,Yusuf Reinhold,WR,Receiver,COL0018,Ashfield A&M,21,73,186,56.9,Round 7,48,64,66,4.65,MEDIUM,FICTIONAL_GENERATED_PROSPECT,GENERATED
PRO2027_169,2027,Giovanni Hammersley,RB,Backfield,COL0221,Foxcroft A&M,20,71,201,63.9,Round 5,54,77,59,4.58,MEDIUM,FICTIONAL_GENERATED_PROSPECT,GENERATED
PRO2027_170,2027,Jarvis Denham,CB,Secondary,COL0134,Larkspur State,20,67,200,74.2,Round 3,63,85,64,4.51,HIGH,FICTIONAL_GENERATED_PROSPECT,GENERATED
PRO2027_171,2027,Cairo Worrilow,OT,O-Line,COL0151,Cedar Falls A&M,22,79,313,59.4,Round 6,52,65,52,4.79,MEDIUM,FICTIONAL_GENERATED_PROSPECT,GENERATED
PRO2027_172,2027,Izaiah Cortés,DT,Front Seven,COL0241,Talbot Tech,22,77,325,72.5,Round 4,66,78,56,4.56,MEDIUM,FICTIONAL_GENERATED_PROSPECT,GENERATED
PRO2027_173,2027,Gavin Kerrigan,OG,O-Line,COL0112,Quarry Hill State Tech,21,75,329,58.6,Round 6,48,73,41,4.67,MEDIUM,FICTIONAL_GENERATED_PROSPECT,GENERATED
PRO2027_174,2027,Easton Benavides,P,Specialist,COL0096,Bellhaven College,21,71,200,66.6,Round 5,60,77,63,4.49,MEDIUM,FICTIONAL_GENERATED_PROSPECT,GENERATED
PRO2027_175,2027,Wyatt Shipley,LB,Front Seven,COL0181,Mount Verity Institute,21,75,245,69.9,Round 4,62,86,38,4.51,LOW,FICTIONAL_GENERATED_PROSPECT,GENERATED
PRO2027_176,2027,Trace Osweiler,EDGE,Front Seven,COL0255,Bramblewood Tech,21,75,252,67.3,Round 5,59,80,39,4.5,HIGH,FICTIONAL_GENERATED_PROSPECT,GENERATED
PRO2027_177,2027,Byron Makinen,P,Specialist,COL0162,Sablewood State,22,74,187,83.9,Round 2,78,92,46,4.6,MEDIUM,FICTIONAL_GENERATED_PROSPECT,GENERATED
PRO2027_178,2027,Lucian Killebrew,LB,Front Seven,COL0208,Lakemont College,22,76,221,69.1,Round 4,60,83,43,4.36,LOW,FICTIONAL_GENERATED_PROSPECT,GENERATED
PRO2027_179,2027,Jalen Serrano,CB,Secondary,COL0194,Pinehurst Valley College,22,76,190,63.7,Round 5,59,71,59,4.6,LOW,FICTIONAL_GENERATED_PROSPECT,GENERATED
PRO2027_180,2027,Derrick Holbrook,WR,Receiver,COL0108,Quarry Hill Tech,21,68,212,45.5,Priority UDFA,36,55,52,4.37,MEDIUM,FICTIONAL_GENERATED_PROSPECT,GENERATED
PRO2027_181,2027,Jonas Grissom,QB,Quarterback,COL0028,Marbury State Tech,20,70,229,30.0,Priority UDFA,35,50,35,4.57,MEDIUM,FICTIONAL_GENERATED_PROSPECT,GENERATED
PRO2027_182,2027,Peyson Calderón,TE,Receiver,COL0183,Sunderland State,21,76,250,50.8,Priority UDFA,43,73,3,4.68,MEDIUM,FICTIONAL_GENERATED_PROSPECT,GENERATED
PRO2027_183,2027,Cairo Tolbert,S,Secondary,COL0208,Lakemont College,20,71,223,48.2,Priority UDFA,43,66,22,4.35,HIGH,FICTIONAL_GENERATED_PROSPECT,GENERATED
PRO2027_184,2027,Declan Shanahan,QB,Quarterback,COL0111,Quarry Hill Institute,20,77,220,39.3,Priority UDFA,35,50,42,4.6,HIGH,FICTIONAL_GENERATED_PROSPECT,GENERATED
PRO2027_185,2027,Dashiell Paddock,CB,Secondary,COL0002,Calderwood University,20,69,185,56.1,Round 7,50,71,42,4.35,HIGH,FICTIONAL_GENERATED_PROSPECT,GENERATED
PRO2027_186,2027,Noel Crouch,DT,Front Seven,COL0207,Lakemont A&M,22,75,282,68.5,Round 4,56,78,40,4.75,MEDIUM,FICTIONAL_GENERATED_PROSPECT,GENERATED
PRO2027_187,2027,Griffin Houghton,EDGE,Front Seven,COL0157,Granite Bay Tech,23,75,267,81.4,Round 2,77,99,35,4.59,MEDIUM,FICTIONAL_GENERATED_PROSPECT,GENERATED
PRO2027_188,2027,Eero Prendergast,RB,Backfield,COL0052,Redbluff Tech,20,70,225,63.6,Round 5,51,80,53,4.26,MEDIUM,FICTIONAL_GENERATED_PROSPECT,GENERATED
PRO2027_189,2027,Zamir Debose,RB,Backfield,COL0110,Quarry Hill College,22,72,213,62.6,Round 6,54,76,50,4.57,MEDIUM,FICTIONAL_GENERATED_PROSPECT,GENERATED
PRO2027_190,2027,Davion Gostkowski,CB,Secondary,COL0242,Talbot A&M,22,68,172,76.0,Round 3,66,93,46,4.59,MEDIUM,FICTIONAL_GENERATED_PROSPECT,GENERATED
PRO2027_191,2027,Finnian Toussaint,S,Secondary,COL0145,Whitepine College,22,71,195,70.1,Round 4,62,82,63,4.56,HIGH,FICTIONAL_GENERATED_PROSPECT,GENERATED
PRO2027_192,2027,Kenyon Zenner,CB,Secondary,COL0036,Kelvinridge State,22,66,181,83.2,Round 2,71,99,42,4.23,MEDIUM,FICTIONAL_GENERATED_PROSPECT,GENERATED
PRO2027_193,2027,Carlisle Tolbert,S,Secondary,COL0085,Westmoor State,22,72,200,63.0,Round 5,59,84,64,4.22,LOW,FICTIONAL_GENERATED_PROSPECT,GENERATED
PRO2027_194,2027,Easton Gholston,EDGE,Front Seven,COL0100,Thornfield University,23,77,264,90.2,Round 1,82,99,53,4.51,LOW,FICTIONAL_GENERATED_PROSPECT,GENERATED
PRO2027_195,2027,Marlon Tolbert,QB,Quarterback,COL0109,Quarry Hill A&M,21,73,225,64.4,Round 5,53,73,72,4.46,HIGH,FICTIONAL_GENERATED_PROSPECT,GENERATED
PRO2027_196,2027,Theo Bonner,QB,Quarterback,COL0001,Calderwood State,21,76,209,58.5,Round 6,50,67,54,4.46,MEDIUM,FICTIONAL_GENERATED_PROSPECT,GENERATED
PRO2027_197,2027,Randall Kolodziej,EDGE,Front Seven,COL0004,Calderwood A&M,21,76,272,57.3,Round 7,46,76,56,4.36,MEDIUM,FICTIONAL_GENERATED_PROSPECT,GENERATED
PRO2027_198,2027,Wilder Blanchard,OT,O-Line,COL0253,Bramblewood State,21,79,311,76.6,Round 3,64,98,39,4.76,MEDIUM,FICTIONAL_GENERATED_PROSPECT,GENERATED
PRO2027_199,2027,Gibson Zaccheaus,S,Secondary,COL0035,Stonewell State Tech,23,73,216,69.7,Round 4,62,88,11,4.48,HIGH,FICTIONAL_GENERATED_PROSPECT,GENERATED
PRO2027_200,2027,Clay Ingold,C,O-Line,COL0244,Talbot Institute,21,76,303,46.7,Priority UDFA,37,60,53,4.82,MEDIUM,FICTIONAL_GENERATED_PROSPECT,GENERATED
PRO2027_201,2027,Niles Hamlett,RB,Backfield,COL0198,Copper Creek University,20,69,203,55.8,Round 7,46,71,92,4.39,MEDIUM,FICTIONAL_GENERATED_PROSPECT,GENERATED
PRO2027_202,2027,Kavon Obadiah,EDGE,Front Seven,COL0179,Mount Verity A&M,20,75,262,56.6,Round 7,51,71,83,4.59,LOW,FICTIONAL_GENERATED_PROSPECT,GENERATED
PRO2027_203,2027,Arlen Ruggiero,S,Secondary,COL0031,Stonewell Tech,21,71,207,69.0,Round 4,59,78,30,4.44,MEDIUM,FICTIONAL_GENERATED_PROSPECT,GENERATED
PRO2027_204,2027,Merrick Sandidge,S,Secondary,COL0144,Whitepine A&M,21,71,205,56.1,Round 7,48,65,20,4.4,MEDIUM,FICTIONAL_GENERATED_PROSPECT,GENERATED
PRO2027_205,2027,Neville Aubert,DT,Front Seven,COL0222,Foxcroft College,22,73,322,65.8,Round 5,60,88,19,4.85,MEDIUM,FICTIONAL_GENERATED_PROSPECT,GENERATED
PRO2027_206,2027,Zion Gostkowski,OT,O-Line,COL0040,Kelvinridge College,21,77,310,66.7,Round 5,55,83,18,4.87,MEDIUM,FICTIONAL_GENERATED_PROSPECT,GENERATED
PRO2027_207,2027,Yannick Ferrante,OG,O-Line,COL0068,Silverlake College,20,75,318,56.5,Round 7,46,68,12,4.72,LOW,FICTIONAL_GENERATED_PROSPECT,GENERATED
PRO2027_208,2027,Jarvis Bainbridge,WR,Receiver,COL0014,Fort Grayson State Tech,21,73,190,59.8,Round 6,51,73,35,4.49,HIGH,FICTIONAL_GENERATED_PROSPECT,GENERATED
PRO2027_209,2027,Nash Kraft,TE,Receiver,COL0176,Mount Verity State,20,75,256,65.8,Round 5,55,80,56,4.48,LOW,FICTIONAL_GENERATED_PROSPECT,GENERATED
PRO2027_210,2027,Killian Brannigan,EDGE,Front Seven,COL0148,Cedar Falls State,22,73,270,61.3,Round 6,53,72,68,4.55,LOW,FICTIONAL_GENERATED_PROSPECT,GENERATED
PRO2027_211,2027,Fritz Okorafor,WR,Receiver,COL0254,Bramblewood University,20,73,206,67.4,Round 5,59,83,52,4.41,MEDIUM,FICTIONAL_GENERATED_PROSPECT,GENERATED
PRO2027_212,2027,Bexley Lafleur,OG,O-Line,COL0124,Falcon Ridge College,22,75,329,84.6,Round 1,79,95,65,4.58,LOW,FICTIONAL_GENERATED_PROSPECT,GENERATED
PRO2027_213,2027,Gunner Oluokun,C,O-Line,COL0232,Clearwater Ridge State,21,73,313,63.0,Round 5,56,83,35,4.55,LOW,FICTIONAL_GENERATED_PROSPECT,GENERATED
PRO2027_214,2027,Hamza Chukwu,DT,Front Seven,COL0111,Quarry Hill Institute,21,74,293,56.3,Round 7,49,66,34,4.64,LOW,FICTIONAL_GENERATED_PROSPECT,GENERATED
PRO2027_215,2027,Onyx Cortés,EDGE,Front Seven,COL0031,Stonewell Tech,21,76,265,63.9,Round 5,58,79,40,4.54,MEDIUM,FICTIONAL_GENERATED_PROSPECT,GENERATED
PRO2027_216,2027,Ike Stanfield,OG,O-Line,COL0175,Harrowgate State Tech,22,75,307,51.1,Priority UDFA,43,64,28,4.75,MEDIUM,FICTIONAL_GENERATED_PROSPECT,GENERATED
PRO2027_217,2027,Merle Fanning,LB,Front Seven,COL0199,Copper Creek Tech,21,71,239,60.8,Round 6,54,72,46,4.6,LOW,FICTIONAL_GENERATED_PROSPECT,GENERATED
PRO2027_218,2027,Damarion Hathaway,WR,Receiver,COL0172,Harrowgate A&M,23,73,204,60.0,Round 6,55,71,29,4.53,HIGH,FICTIONAL_GENERATED_PROSPECT,GENERATED
PRO2027_219,2027,Herschel Oakman,K,Specialist,COL0218,Foxcroft State,20,74,210,68.8,Round 4,56,87,60,4.48,HIGH,FICTIONAL_GENERATED_PROSPECT,GENERATED
PRO2027_220,2027,Colby Joplin,S,Secondary,COL0052,Redbluff Tech,20,73,202,40.9,Priority UDFA,36,54,35,4.36,MEDIUM,FICTIONAL_GENERATED_PROSPECT,GENERATED
PRO2027_221,2027,Emeka Debose,S,Secondary,COL0018,Ashfield A&M,22,71,195,54.6,Round 7,45,67,62,4.35,MEDIUM,FICTIONAL_GENERATED_PROSPECT,GENERATED
PRO2027_222,2027,Leland Gerhardt,RB,Backfield,COL0240,Talbot University,21,73,217,66.3,Round 5,54,83,50,4.45,HIGH,FICTIONAL_GENERATED_PROSPECT,GENERATED
PRO2027_223,2027,Jonas Makinen,K,Specialist,COL0243,Talbot College,22,71,196,60.2,Round 6,50,67,25,4.6,LOW,FICTIONAL_GENERATED_PROSPECT,GENERATED
PRO2027_224,2027,Ansel Mallett,RB,Backfield,COL0145,Whitepine College,20,68,194,60.4,Round 6,47,81,29,4.56,HIGH,FICTIONAL_GENERATED_PROSPECT,GENERATED
PRO2027_225,2027,Ulises Satterfield,DT,Front Seven,COL0029,Stonewell State,22,77,299,58.5,Round 6,52,81,75,4.7,HIGH,FICTIONAL_GENERATED_PROSPECT,GENERATED
PRO2027_226,2027,Benoit Boone,WR,Receiver,COL0216,Ravensburg Institute,20,73,209,57.5,Round 7,51,66,24,4.4,LOW,FICTIONAL_GENERATED_PROSPECT,GENERATED
PRO2027_227,2027,Hollis Mobley,TE,Receiver,COL0130,Emberton A&M,22,76,252,62.2,Round 6,58,83,21,4.55,LOW,FICTIONAL_GENERATED_PROSPECT,GENERATED
PRO2027_228,2027,Malik Gauthier,S,Secondary,COL0019,Ashfield College,22,72,206,65.3,Round 5,54,78,59,4.69,MEDIUM,FICTIONAL_GENERATED_PROSPECT,GENERATED
PRO2027_229,2027,Wolfgang Dalrymple,CB,Secondary,COL0048,Northcrest Institute,21,69,185,58.9,Round 6,50,79,67,4.39,MEDIUM,FICTIONAL_GENERATED_PROSPECT,GENERATED
PRO2027_230,2027,Armand Tabaracci,CB,Secondary,COL0183,Sunderland State,21,74,209,61.2,Round 6,57,67,31,4.5,HIGH,FICTIONAL_GENERATED_PROSPECT,GENERATED
PRO2027_231,2027,Sheridan Dobbins,OG,O-Line,COL0211,Ravensburg State,23,75,290,58.4,Round 6,49,67,56,4.68,HIGH,FICTIONAL_GENERATED_PROSPECT,GENERATED
PRO2027_232,2027,Fabian Upshaw,CB,Secondary,COL0026,Marbury College,22,73,193,54.7,Round 7,44,73,22,4.54,HIGH,FICTIONAL_GENERATED_PROSPECT,GENERATED
PRO2027_233,2027,Hiram Wentworth,WR,Receiver,COL0169,Harrowgate State,21,71,215,60.6,Round 6,56,76,50,4.41,MEDIUM,FICTIONAL_GENERATED_PROSPECT,GENERATED
PRO2027_234,2027,Lockett Tindall,OG,O-Line,COL0162,Sablewood State,21,75,308,58.4,Round 6,51,78,51,5.06,HIGH,FICTIONAL_GENERATED_PROSPECT,GENERATED
PRO2027_235,2027,Dupree Timmerman,S,Secondary,COL0227,Dunmore Tech,21,71,206,66.5,Round 5,58,84,28,4.56,MEDIUM,FICTIONAL_GENERATED_PROSPECT,GENERATED
PRO2027_236,2027,Esteban Crockett,OG,O-Line,COL0116,Kingsbridge A&M,21,77,304,76.9,Round 3,63,87,6,4.75,HIGH,FICTIONAL_GENERATED_PROSPECT,GENERATED
PRO2027_237,2027,Thurman Ladouceur,S,Secondary,COL0170,Harrowgate University,21,71,215,53.4,Round 7,44,63,69,4.43,LOW,FICTIONAL_GENERATED_PROSPECT,GENERATED
PRO2027_238,2027,Fenwick Ayers,OT,O-Line,COL0002,Calderwood University,21,78,315,79.1,Round 2,73,92,53,4.59,MEDIUM,FICTIONAL_GENERATED_PROSPECT,GENERATED
PRO2027_239,2027,Deion Ulbrich,CB,Secondary,COL0232,Clearwater Ridge State,21,71,190,45.5,Priority UDFA,35,53,21,4.28,MEDIUM,FICTIONAL_GENERATED_PROSPECT,GENERATED
PRO2027_240,2027,Nash Arceneaux,OT,O-Line,COL0231,Dunmore State Tech,21,78,303,58.0,Round 6,46,71,35,4.63,LOW,FICTIONAL_GENERATED_PROSPECT,GENERATED
PRO2027_241,2027,Shepard Emerson,EDGE,Front Seven,COL0183,Sunderland State,22,75,262,62.3,Round 6,55,80,31,4.49,MEDIUM,FICTIONAL_GENERATED_PROSPECT,GENERATED
PRO2027_242,2027,Donovan Calloway,DT,Front Seven,COL0098,Bellhaven State Tech,21,75,301,40.9,Priority UDFA,35,57,27,4.69,MEDIUM,FICTIONAL_GENERATED_PROSPECT,GENERATED
PRO2027_243,2027,Earl Gwaltney,S,Secondary,COL0041,Kelvinridge Institute,22,73,207,61.0,Round 6,48,75,45,4.22,LOW,FICTIONAL_GENERATED_PROSPECT,GENERATED
PRO2027_244,2027,Lemuel Hemsley,OT,O-Line,COL0045,Northcrest Tech,20,76,291,54.8,Round 7,48,62,38,4.69,MEDIUM,FICTIONAL_GENERATED_PROSPECT,GENERATED
PRO2027_245,2027,Barrett Bergeron,CB,Secondary,COL0100,Thornfield University,20,73,189,62.4,Round 6,58,77,43,4.22,MEDIUM,FICTIONAL_GENERATED_PROSPECT,GENERATED
PRO2027_246,2027,Reeves Alderman,EDGE,Front Seven,COL0111,Quarry Hill Institute,21,77,267,81.3,Round 2,70,92,31,4.65,MEDIUM,FICTIONAL_GENERATED_PROSPECT,GENERATED
PRO2027_247,2027,Luka Kanell,S,Secondary,COL0158,Granite Bay A&M,21,71,211,61.4,Round 6,54,80,74,4.48,MEDIUM,FICTIONAL_GENERATED_PROSPECT,GENERATED
PRO2027_248,2027,Ford Polamalu,LB,Front Seven,COL0011,Fort Grayson A&M,20,71,235,58.7,Round 6,51,79,48,4.41,HIGH,FICTIONAL_GENERATED_PROSPECT,GENERATED
PRO2027_249,2027,Dax Taliaferro,RB,Backfield,COL0184,Sunderland University,24,71,208,64.1,Round 5,59,81,49,4.4,LOW,FICTIONAL_GENERATED_PROSPECT,GENERATED
PRO2027_250,2027,Draven Lamarque,S,Secondary,COL0060,Havenport A&M,20,70,213,55.1,Round 7,45,75,35,4.33,MEDIUM,FICTIONAL_GENERATED_PROSPECT,GENERATED
PRO2027_251,2027,Grady Denham,WR,Receiver,COL0228,Dunmore A&M,23,75,194,54.9,Round 7,43,77,46,4.49,MEDIUM,FICTIONAL_GENERATED_PROSPECT,GENERATED
PRO2027_252,2027,Owen Worrilow,LB,Front Seven,COL0170,Harrowgate University,22,73,241,72.8,Round 4,62,81,58,4.54,MEDIUM,FICTIONAL_GENERATED_PROSPECT,GENERATED
PRO2027_253,2027,Owen Reinhold,C,O-Line,COL0258,Bramblewood Institute,20,74,304,63.9,Round 5,52,86,42,4.76,MEDIUM,FICTIONAL_GENERATED_PROSPECT,GENERATED
PRO2027_254,2027,Alden Willingham,LB,Front Seven,COL0086,Westmoor University,23,73,239,59.4,Round 6,55,76,68,4.6,MEDIUM,FICTIONAL_GENERATED_PROSPECT,GENERATED
PRO2027_255,2027,Seamus Winchester,C,O-Line,COL0196,Pinehurst Valley State Tech,21,76,281,59.9,Round 6,53,75,52,4.74,LOW,FICTIONAL_GENERATED_PROSPECT,GENERATED
PRO2027_256,2027,Avery Neasman,LS,Specialist,COL0168,Sablewood State Tech,21,70,242,68.0,Round 4,60,89,38,4.73,MEDIUM,FICTIONAL_GENERATED_PROSPECT,GENERATED
PRO2027_257,2027,Walker Vanderveer,TE,Receiver,COL0145,Whitepine College,22,77,253,54.3,Round 7,48,72,43,4.47,MEDIUM,FICTIONAL_GENERATED_PROSPECT,GENERATED
PRO2027_258,2027,Harlan Boone,OG,O-Line,COL0205,Lakemont University,21,74,314,59.8,Round 6,51,72,54,4.87,MEDIUM,FICTIONAL_GENERATED_PROSPECT,GENERATED
PRO2027_259,2027,Draven Whitehurst,EDGE,Front Seven,COL0060,Havenport A&M,20,75,274,59.1,Round 6,48,68,3,4.61,LOW,FICTIONAL_GENERATED_PROSPECT,GENERATED
PRO2027_260,2027,Garland Kendricks,RB,Backfield,COL0225,Dunmore State,21,71,207,52.0,Priority UDFA,47,64,19,4.39,MEDIUM,FICTIONAL_GENERATED_PROSPECT,GENERATED
PRO2027_261,2027,Kruz Kirkpatrick,OG,O-Line,COL0015,Ashfield State,22,75,307,74.0,Round 3,68,87,47,4.64,MEDIUM,FICTIONAL_GENERATED_PROSPECT,GENERATED
PRO2027_262,2027,Ivan Orlovsky,WR,Receiver,COL0091,Westmoor State Tech,23,74,173,59.6,Round 6,48,79,25,4.22,HIGH,FICTIONAL_GENERATED_PROSPECT,GENERATED
PRO2027_263,2027,Sebastien Hunnicutt,OG,O-Line,COL0207,Lakemont A&M,21,77,302,57.2,Round 7,45,65,10,4.88,HIGH,FICTIONAL_GENERATED_PROSPECT,GENERATED
PRO2027_264,2027,Odin Newsome,S,Secondary,COL0228,Dunmore A&M,22,73,197,74.4,Round 3,65,84,49,4.36,LOW,FICTIONAL_GENERATED_PROSPECT,GENERATED
PRO2027_265,2027,Jericho Yeboah,WR,Receiver,COL0255,Bramblewood Tech,21,72,202,54.1,Round 7,45,74,53,4.38,HIGH,FICTIONAL_GENERATED_PROSPECT,GENERATED
PRO2027_266,2027,Simeon Schreiber,WR,Receiver,COL0007,Calderwood State Tech,21,75,192,45.2,Priority UDFA,35,61,34,4.56,LOW,FICTIONAL_GENERATED_PROSPECT,GENERATED
PRO2027_267,2027,Wendell Dillard,EDGE,Front Seven,COL0171,Harrowgate Tech,21,74,267,62.1,Round 6,55,84,52,4.4,MEDIUM,FICTIONAL_GENERATED_PROSPECT,GENERATED
PRO2027_268,2027,Lennox Lowery,EDGE,Front Seven,COL0136,Larkspur Tech,22,74,260,57.4,Round 7,45,69,57,4.74,MEDIUM,FICTIONAL_GENERATED_PROSPECT,GENERATED
PRO2027_269,2027,Auden Uche,WR,Receiver,COL0147,Whitepine State Tech,21,71,176,81.6,Round 2,75,98,21,4.36,MEDIUM,FICTIONAL_GENERATED_PROSPECT,GENERATED
PRO2027_270,2027,Miller Joplin,LS,Specialist,COL0188,Sunderland Institute,22,75,259,72.1,Round 4,60,79,33,4.54,MEDIUM,FICTIONAL_GENERATED_PROSPECT,GENERATED
PRO2027_271,2027,Yannick Whitfield,CB,Secondary,COL0017,Ashfield Tech,21,69,177,60.5,Round 6,54,80,61,4.22,MEDIUM,FICTIONAL_GENERATED_PROSPECT,GENERATED
PRO2027_272,2027,Rigby Haywood,OG,O-Line,COL0121,Falcon Ridge University,22,77,328,61.1,Round 6,53,81,43,4.92,LOW,FICTIONAL_GENERATED_PROSPECT,GENERATED
PRO2027_273,2027,Rufus Youngblood,CB,Secondary,COL0047,Northcrest College,23,69,197,68.0,Round 4,61,81,48,4.28,HIGH,FICTIONAL_GENERATED_PROSPECT,GENERATED
PRO2027_274,2027,Kolby Rochell,WR,Receiver,COL0107,Quarry Hill University,22,68,180,52.8,Priority UDFA,40,71,58,4.51,HIGH,FICTIONAL_GENERATED_PROSPECT,GENERATED
PRO2027_275,2027,Jericho Bolduc,CB,Secondary,COL0026,Marbury College,22,70,191,56.8,Round 7,46,78,16,4.69,MEDIUM,FICTIONAL_GENERATED_PROSPECT,GENERATED
PRO2027_276,2027,Colston Nangle,CB,Secondary,COL0100,Thornfield University,20,69,193,44.4,Priority UDFA,35,53,27,4.45,MEDIUM,FICTIONAL_GENERATED_PROSPECT,GENERATED
PRO2027_277,2027,Angus Ahearn,DT,Front Seven,COL0109,Quarry Hill A&M,21,72,299,52.7,Priority UDFA,41,72,51,4.61,MEDIUM,FICTIONAL_GENERATED_PROSPECT,GENERATED
PRO2027_278,2027,Niles Broussard,EDGE,Front Seven,COL0027,Marbury Institute,22,75,269,40.5,Priority UDFA,35,51,49,4.48,LOW,FICTIONAL_GENERATED_PROSPECT,GENERATED
PRO2027_279,2027,Caleb Nunnally,DT,Front Seven,COL0151,Cedar Falls A&M,23,73,318,41.0,Priority UDFA,35,54,48,4.83,MEDIUM,FICTIONAL_GENERATED_PROSPECT,GENERATED
PRO2027_280,2027,Harlan Gainer,CB,Secondary,COL0229,Dunmore College,21,71,193,63.2,Round 5,51,75,45,4.51,LOW,FICTIONAL_GENERATED_PROSPECT,GENERATED
PRO2027_281,2027,Wyatt Haywood,OG,O-Line,COL0144,Whitepine A&M,21,75,329,61.8,Round 6,52,74,59,4.73,LOW,FICTIONAL_GENERATED_PROSPECT,GENERATED
PRO2027_282,2027,Raul Udoh,RB,Backfield,COL0240,Talbot University,21,67,209,66.2,Round 5,60,76,34,4.71,LOW,FICTIONAL_GENERATED_PROSPECT,GENERATED
PRO2027_283,2027,Cullen Ironside,TE,Receiver,COL0039,Kelvinridge A&M,21,77,239,80.2,Round 2,74,86,50,4.56,LOW,FICTIONAL_GENERATED_PROSPECT,GENERATED
PRO2027_284,2027,Fletcher Herrera,WR,Receiver,COL0222,Foxcroft College,21,74,197,60.0,Round 6,52,76,55,4.32,LOW,FICTIONAL_GENERATED_PROSPECT,GENERATED
PRO2027_285,2027,Neville Sistrunk,TE,Receiver,COL0051,Redbluff University,20,76,244,48.9,Priority UDFA,39,69,71,4.48,LOW,FICTIONAL_GENERATED_PROSPECT,GENERATED
PRO2027_286,2027,Vance Waskiewicz,WR,Receiver,COL0192,Pinehurst Valley Tech,21,72,227,61.2,Round 6,48,80,57,4.41,HIGH,FICTIONAL_GENERATED_PROSPECT,GENERATED
PRO2027_287,2027,Malachi Chenoweth,LB,Front Seven,COL0187,Sunderland College,22,75,232,49.6,Priority UDFA,36,66,66,4.55,LOW,FICTIONAL_GENERATED_PROSPECT,GENERATED
PRO2027_288,2027,Pascal Kolodziej,S,Secondary,COL0182,Mount Verity State Tech,21,71,195,59.9,Round 6,49,70,54,4.47,MEDIUM,FICTIONAL_GENERATED_PROSPECT,GENERATED
PRO2027_289,2027,Roscoe Kincaid,RB,Backfield,COL0139,Larkspur Institute,22,69,200,58.8,Round 6,50,65,60,4.42,MEDIUM,FICTIONAL_GENERATED_PROSPECT,GENERATED
PRO2027_290,2027,Octavio Morrissey,CB,Secondary,COL0151,Cedar Falls A&M,22,71,187,51.4,Priority UDFA,42,66,51,4.42,MEDIUM,FICTIONAL_GENERATED_PROSPECT,GENERATED
PRO2027_291,2027,Zebulon Gaddis,CB,Secondary,COL0204,Lakemont State,22,71,196,52.6,Priority UDFA,39,68,72,4.43,HIGH,FICTIONAL_GENERATED_PROSPECT,GENERATED
PRO2027_292,2027,Conrad Brightwell,OG,O-Line,COL0092,Bellhaven State,22,77,333,73.7,Round 3,68,87,35,4.78,LOW,FICTIONAL_GENERATED_PROSPECT,GENERATED
PRO2027_293,2027,Malcolm Merriweather,DT,Front Seven,COL0009,Fort Grayson University,22,75,296,66.7,Round 5,58,74,50,4.78,MEDIUM,FICTIONAL_GENERATED_PROSPECT,GENERATED
PRO2027_294,2027,Cormac Ravenel,RB,Backfield,COL0221,Foxcroft A&M,22,72,214,61.4,Round 6,55,82,36,4.36,MEDIUM,FICTIONAL_GENERATED_PROSPECT,GENERATED
PRO2027_295,2027,Juelz Broussard,S,Secondary,COL0072,Cypress Hollow University,23,71,204,61.7,Round 6,50,75,36,4.29,HIGH,FICTIONAL_GENERATED_PROSPECT,GENERATED
PRO2027_296,2027,Boone Hufanga,S,Secondary,COL0128,Emberton University,24,73,216,73.2,Round 3,63,94,34,4.33,HIGH,FICTIONAL_GENERATED_PROSPECT,GENERATED
PRO2027_297,2027,Blaise Nangle,WR,Receiver,COL0077,Cypress Hollow State Tech,21,72,189,47.2,Priority UDFA,37,64,25,4.43,HIGH,FICTIONAL_GENERATED_PROSPECT,GENERATED
PRO2027_298,2027,Jonas Bhatt,OG,O-Line,COL0087,Westmoor Tech,21,76,311,51.2,Priority UDFA,42,58,26,4.75,HIGH,FICTIONAL_GENERATED_PROSPECT,GENERATED
PRO2027_299,2027,Bishop Merriweather,QB,Quarterback,COL0242,Talbot A&M,21,73,223,53.3,Round 7,41,73,42,4.57,MEDIUM,FICTIONAL_GENERATED_PROSPECT,GENERATED
PRO2027_300,2027,Baldwin Humphries,OT,O-Line,COL0030,Stonewell University,21,79,299,64.5,Round 5,54,75,51,4.66,MEDIUM,FICTIONAL_GENERATED_PROSPECT,GENERATED
PRO2027_301,2027,Knox Tullis,S,Secondary,COL0059,Havenport Tech,20,72,194,61.6,Round 6,50,80,50,4.43,LOW,FICTIONAL_GENERATED_PROSPECT,GENERATED
PRO2027_302,2027,Phelan Sweatman,RB,Backfield,COL0176,Mount Verity State,23,69,210,68.0,Round 4,55,86,62,4.58,MEDIUM,FICTIONAL_GENERATED_PROSPECT,GENERATED
PRO2027_303,2027,Avery Brisco,TE,Receiver,COL0159,Granite Bay College,23,78,244,76.6,Round 3,66,96,43,4.67,LOW,FICTIONAL_GENERATED_PROSPECT,GENERATED
PRO2027_304,2027,Willem Shackleford,CB,Secondary,COL0148,Cedar Falls State,21,70,189,77.8,Round 3,66,99,45,4.77,HIGH,FICTIONAL_GENERATED_PROSPECT,GENERATED
PRO2027_305,2027,Lennox Ogletree,RB,Backfield,COL0149,Cedar Falls University,21,67,208,57.9,Round 7,49,71,40,4.39,MEDIUM,FICTIONAL_GENERATED_PROSPECT,GENERATED
PRO2027_306,2027,Kalen Wisniewski,WR,Receiver,COL0255,Bramblewood Tech,21,75,195,72.0,Round 4,60,89,23,4.53,MEDIUM,FICTIONAL_GENERATED_PROSPECT,GENERATED
PRO2027_307,2027,Montell Darboe,CB,Secondary,COL0001,Calderwood State,22,72,191,71.5,Round 4,59,83,43,4.31,MEDIUM,FICTIONAL_GENERATED_PROSPECT,GENERATED
PRO2027_308,2027,Micah Adeyemi,C,O-Line,COL0040,Kelvinridge College,21,75,303,59.6,Round 6,46,72,36,4.42,MEDIUM,FICTIONAL_GENERATED_PROSPECT,GENERATED
PRO2027_309,2027,Nehemiah Wrighster,LB,Front Seven,COL0172,Harrowgate A&M,22,72,245,64.9,Round 5,56,78,47,4.75,HIGH,FICTIONAL_GENERATED_PROSPECT,GENERATED
PRO2027_310,2027,Orson Kinlaw,K,Specialist,COL0006,Calderwood Institute,20,73,193,64.5,Round 5,52,73,43,4.38,MEDIUM,FICTIONAL_GENERATED_PROSPECT,GENERATED
PRO2027_311,2027,Phelan Grimsley,QB,Quarterback,COL0169,Harrowgate State,22,76,212,62.6,Round 6,52,77,58,4.43,HIGH,FICTIONAL_GENERATED_PROSPECT,GENERATED
PRO2027_312,2027,Reginald Driscoll,TE,Receiver,COL0074,Cypress Hollow A&M,23,76,244,54.3,Round 7,45,60,7,4.24,LOW,FICTIONAL_GENERATED_PROSPECT,GENERATED
PRO2027_313,2027,Colston Galbraith,S,Secondary,COL0124,Falcon Ridge College,22,72,200,79.5,Round 2,72,91,30,4.44,MEDIUM,FICTIONAL_GENERATED_PROSPECT,GENERATED
PRO2027_314,2027,Bruno Harmon,LB,Front Seven,COL0103,Thornfield College,21,76,250,56.7,Round 7,47,66,54,4.53,LOW,FICTIONAL_GENERATED_PROSPECT,GENERATED
PRO2027_315,2027,Cade Wheelwright,K,Specialist,COL0238,Clearwater Ridge State Tech,21,70,192,62.7,Round 6,58,73,88,4.34,MEDIUM,FICTIONAL_GENERATED_PROSPECT,GENERATED
PRO2027_316,2027,Barnes Yiadom,RB,Backfield,COL0122,Falcon Ridge Tech,21,70,218,46.3,Priority UDFA,35,60,22,4.73,LOW,FICTIONAL_GENERATED_PROSPECT,GENERATED
PRO2027_317,2027,Hadley Magnusson,QB,Quarterback,COL0050,Redbluff State,20,74,224,63.1,Round 5,54,72,82,4.36,LOW,FICTIONAL_GENERATED_PROSPECT,GENERATED
PRO2027_318,2027,Kellan Durrant,OT,O-Line,COL0206,Lakemont Tech,20,75,306,63.0,Round 6,56,76,59,4.69,LOW,FICTIONAL_GENERATED_PROSPECT,GENERATED
PRO2027_319,2027,Kruz Cundiff,CB,Secondary,COL0172,Harrowgate A&M,21,70,184,42.2,Priority UDFA,35,58,30,4.42,MEDIUM,FICTIONAL_GENERATED_PROSPECT,GENERATED
PRO2027_320,2027,Vance Tegeler,RB,Backfield,COL0158,Granite Bay A&M,20,70,205,62.3,Round 6,52,68,51,4.45,MEDIUM,FICTIONAL_GENERATED_PROSPECT,GENERATED
PRO2027_321,2027,Miller Morrissey,DT,Front Seven,COL0120,Falcon Ridge State,22,74,306,69.9,Round 4,60,78,3,4.77,MEDIUM,FICTIONAL_GENERATED_PROSPECT,GENERATED
PRO2027_322,2027,Zamir Selvie,CB,Secondary,COL0045,Northcrest Tech,22,68,193,66.5,Round 5,58,89,71,4.22,MEDIUM,FICTIONAL_GENERATED_PROSPECT,GENERATED
PRO2027_323,2027,Nolan Gallardo,CB,Secondary,COL0216,Ravensburg Institute,22,70,194,59.5,Round 6,47,79,28,4.28,MEDIUM,FICTIONAL_GENERATED_PROSPECT,GENERATED
PRO2027_324,2027,Benoit Dumervil,OT,O-Line,COL0216,Ravensburg Institute,20,78,320,60.6,Round 6,53,66,56,4.76,LOW,FICTIONAL_GENERATED_PROSPECT,GENERATED
PRO2027_325,2027,Kingston Eckhardt,EDGE,Front Seven,COL0042,Kelvinridge State Tech,21,77,277,74.4,Round 3,61,81,93,4.63,MEDIUM,FICTIONAL_GENERATED_PROSPECT,GENERATED
PRO2027_326,2027,Atticus Jelks,WR,Receiver,COL0219,Foxcroft University,22,69,195,66.3,Round 5,60,80,45,4.39,MEDIUM,FICTIONAL_GENERATED_PROSPECT,GENERATED
PRO2027_327,2027,Heath Linscomb,EDGE,Front Seven,COL0079,Iron Gate University,20,77,272,68.3,Round 4,61,90,85,4.58,MEDIUM,FICTIONAL_GENERATED_PROSPECT,GENERATED
PRO2027_328,2027,Cairo Lessard,FB,Backfield,COL0169,Harrowgate State,21,71,239,65.2,Round 5,57,79,55,4.51,MEDIUM,FICTIONAL_GENERATED_PROSPECT,GENERATED
PRO2027_329,2027,Jaxton Roache,OT,O-Line,COL0027,Marbury Institute,22,78,308,64.4,Round 5,59,85,24,4.65,MEDIUM,FICTIONAL_GENERATED_PROSPECT,GENERATED
PRO2027_330,2027,Gibson Hufanga,WR,Receiver,COL0100,Thornfield University,22,72,222,57.1,Round 7,46,79,13,4.46,LOW,FICTIONAL_GENERATED_PROSPECT,GENERATED
PRO2027_331,2027,Woodrow Hooker,S,Secondary,COL0217,Ravensburg State Tech,21,71,210,60.6,Round 6,54,74,70,4.38,LOW,FICTIONAL_GENERATED_PROSPECT,GENERATED
PRO2027_332,2027,Nehemiah Merriweather,OG,O-Line,COL0040,Kelvinridge College,21,74,300,68.1,Round 4,64,79,40,4.77,HIGH,FICTIONAL_GENERATED_PROSPECT,GENERATED
PRO2027_333,2027,Micah Smallwood,DT,Front Seven,COL0108,Quarry Hill Tech,21,76,320,74.0,Round 3,66,97,53,4.86,LOW,FICTIONAL_GENERATED_PROSPECT,GENERATED
PRO2027_334,2027,Kermit Sidibe,CB,Secondary,COL0229,Dunmore College,23,70,190,44.4,Priority UDFA,36,54,39,4.33,MEDIUM,FICTIONAL_GENERATED_PROSPECT,GENERATED
PRO2027_335,2027,Whitaker Mayfield,P,Specialist,COL0171,Harrowgate Tech,21,72,207,67.2,Round 5,60,88,52,4.38,LOW,FICTIONAL_GENERATED_PROSPECT,GENERATED
PRO2027_336,2027,Vaughn Hitchens,DT,Front Seven,COL0252,Winslow State Tech,20,75,299,47.1,Priority UDFA,38,56,51,4.71,LOW,FICTIONAL_GENERATED_PROSPECT,GENERATED
PRO2027_337,2027,Amos Roscoe,S,Secondary,COL0204,Lakemont State,21,72,206,67.6,Round 5,57,80,72,4.22,MEDIUM,FICTIONAL_GENERATED_PROSPECT,GENERATED
PRO2027_338,2027,Mack Dewitt,DT,Front Seven,COL0235,Clearwater Ridge A&M,21,75,318,71.1,Round 4,66,80,16,4.69,MEDIUM,FICTIONAL_GENERATED_PROSPECT,GENERATED
PRO2027_339,2027,Maurice Gentry,OT,O-Line,COL0253,Bramblewood State,21,77,309,63.6,Round 5,55,86,57,4.77,LOW,FICTIONAL_GENERATED_PROSPECT,GENERATED
PRO2027_340,2027,Wilder Appleton,RB,Backfield,COL0032,Stonewell A&M,20,69,215,44.5,Priority UDFA,37,57,43,4.63,MEDIUM,FICTIONAL_GENERATED_PROSPECT,GENERATED
PRO2027_341,2027,Torin Mabry,EDGE,Front Seven,COL0120,Falcon Ridge State,22,74,266,53.5,Round 7,45,60,23,4.48,LOW,FICTIONAL_GENERATED_PROSPECT,GENERATED
PRO2027_342,2027,Terrance Ahearn,LB,Front Seven,COL0076,Cypress Hollow Institute,21,75,237,50.5,Priority UDFA,37,58,60,4.75,LOW,FICTIONAL_GENERATED_PROSPECT,GENERATED
PRO2027_343,2027,Jericho Trufant,CB,Secondary,COL0026,Marbury College,21,69,184,60.7,Round 6,48,76,67,4.64,HIGH,FICTIONAL_GENERATED_PROSPECT,GENERATED
PRO2027_344,2027,Bryce Spillane,CB,Secondary,COL0014,Fort Grayson State Tech,21,69,204,62.9,Round 6,52,83,51,4.27,LOW,FICTIONAL_GENERATED_PROSPECT,GENERATED
PRO2027_345,2027,Horace Malbrough,RB,Backfield,COL0129,Emberton Tech,20,66,218,58.4,Round 6,46,65,58,4.38,MEDIUM,FICTIONAL_GENERATED_PROSPECT,GENERATED
PRO2027_346,2027,Colby Brinkley,EDGE,Front Seven,COL0135,Larkspur University,22,75,251,53.6,Round 7,42,75,40,4.48,HIGH,FICTIONAL_GENERATED_PROSPECT,GENERATED
PRO2027_347,2027,Vance Vinovich,S,Secondary,COL0192,Pinehurst Valley Tech,20,72,196,39.7,Priority UDFA,35,54,37,4.69,MEDIUM,FICTIONAL_GENERATED_PROSPECT,GENERATED
PRO2027_348,2027,Nolan Cundiff,OG,O-Line,COL0205,Lakemont University,21,74,329,57.9,Round 7,45,74,21,4.75,MEDIUM,FICTIONAL_GENERATED_PROSPECT,GENERATED
PRO2027_349,2027,Cairo Kerrigan,WR,Receiver,COL0208,Lakemont College,21,73,200,47.5,Priority UDFA,38,63,43,4.57,HIGH,FICTIONAL_GENERATED_PROSPECT,GENERATED
PRO2027_350,2027,Manny Terrazas,S,Secondary,COL0161,Granite Bay State Tech,21,72,205,72.9,Round 4,61,81,51,4.38,HIGH,FICTIONAL_GENERATED_PROSPECT,GENERATED
PRO2027_351,2027,Finnian Yoshida,CB,Secondary,COL0075,Cypress Hollow College,20,72,196,61.0,Round 6,55,71,47,4.42,MEDIUM,FICTIONAL_GENERATED_PROSPECT,GENERATED
PRO2027_352,2027,Elias Bolduc,P,Specialist,COL0091,Westmoor State Tech,20,75,208,62.1,Round 6,52,68,30,4.42,MEDIUM,FICTIONAL_GENERATED_PROSPECT,GENERATED
PRO2027_353,2027,Fletcher Warrick,S,Secondary,COL0073,Cypress Hollow Tech,22,73,199,66.9,Round 5,59,78,53,4.34,HIGH,FICTIONAL_GENERATED_PROSPECT,GENERATED
PRO2027_354,2027,Quade Brody,TE,Receiver,COL0159,Granite Bay College,22,79,245,61.4,Round 6,52,83,67,4.58,MEDIUM,FICTIONAL_GENERATED_PROSPECT,GENERATED
PRO2027_355,2027,Colby Ferrante,LB,Front Seven,COL0076,Cypress Hollow Institute,22,74,238,64.0,Round 5,57,69,13,4.49,LOW,FICTIONAL_GENERATED_PROSPECT,GENERATED
PRO2027_356,2027,Otto Wheelwright,CB,Secondary,COL0256,Bramblewood A&M,21,67,200,50.2,Priority UDFA,44,59,39,4.42,MEDIUM,FICTIONAL_GENERATED_PROSPECT,GENERATED
PRO2027_357,2027,Osmond Melchior,OT,O-Line,COL0134,Larkspur State,22,76,320,71.8,Round 4,66,78,38,4.72,LOW,FICTIONAL_GENERATED_PROSPECT,GENERATED
PRO2027_358,2027,Armand Gallardo,TE,Receiver,COL0001,Calderwood State,22,78,257,86.8,Round 1,75,96,64,4.26,HIGH,FICTIONAL_GENERATED_PROSPECT,GENERATED
PRO2027_359,2027,Alaric Chenoweth,P,Specialist,COL0170,Harrowgate University,21,72,242,75.4,Round 3,67,85,22,4.22,LOW,FICTIONAL_GENERATED_PROSPECT,GENERATED
PRO2027_360,2027,Isaiah Dumervil,EDGE,Front Seven,COL0079,Iron Gate University,23,75,257,75.0,Round 3,69,92,35,4.64,HIGH,FICTIONAL_GENERATED_PROSPECT,GENERATED
PRO2027_361,2027,Ladarius Weddington,WR,Receiver,COL0122,Falcon Ridge Tech,22,72,185,50.2,Priority UDFA,42,59,25,4.46,HIGH,FICTIONAL_GENERATED_PROSPECT,GENERATED
PRO2027_362,2027,Eero Gradkowski,RB,Backfield,COL0198,Copper Creek University,21,70,200,74.6,Round 3,61,81,46,4.62,MEDIUM,FICTIONAL_GENERATED_PROSPECT,GENERATED
PRO2027_363,2027,Lemuel Taliaferro,RB,Backfield,COL0255,Bramblewood Tech,21,69,212,61.0,Round 6,53,74,34,4.4,MEDIUM,FICTIONAL_GENERATED_PROSPECT,GENERATED
PRO2027_364,2027,Rigby Zylstra,WR,Receiver,COL0049,Northcrest State Tech,22,72,200,75.3,Round 3,68,81,36,4.33,HIGH,FICTIONAL_GENERATED_PROSPECT,GENERATED
PRO2027_365,2027,Rufus Culpepper,OG,O-Line,COL0012,Fort Grayson College,20,74,328,50.3,Priority UDFA,42,60,30,4.65,MEDIUM,FICTIONAL_GENERATED_PROSPECT,GENERATED
PRO2027_366,2027,Baldwin Cantrell,DT,Front Seven,COL0185,Sunderland Tech,22,74,302,55.7,Round 7,44,73,14,4.67,HIGH,FICTIONAL_GENERATED_PROSPECT,GENERATED
PRO2027_367,2027,Jeremiah Ruggiero,QB,Quarterback,COL0132,Emberton Institute,23,72,227,76.8,Round 3,65,96,31,4.45,MEDIUM,FICTIONAL_GENERATED_PROSPECT,GENERATED
PRO2027_368,2027,Reeves Swaggerty,QB,Quarterback,COL0007,Calderwood State Tech,21,75,225,76.7,Round 3,72,85,51,4.42,MEDIUM,FICTIONAL_GENERATED_PROSPECT,GENERATED
PRO2027_369,2027,Maxton Stenberg,OG,O-Line,COL0200,Copper Creek A&M,20,75,311,81.4,Round 2,70,97,46,4.68,LOW,FICTIONAL_GENERATED_PROSPECT,GENERATED
PRO2027_370,2027,Bexley Farrow,OT,O-Line,COL0187,Sunderland College,22,78,294,53.0,Priority UDFA,47,61,68,4.74,MEDIUM,FICTIONAL_GENERATED_PROSPECT,GENERATED
PRO2027_371,2027,Roderick Dorsett,CB,Secondary,COL0087,Westmoor Tech,24,70,205,48.3,Priority UDFA,44,67,90,4.51,LOW,FICTIONAL_GENERATED_PROSPECT,GENERATED
PRO2027_372,2027,Sherman Pouncey,LB,Front Seven,COL0217,Ravensburg State Tech,21,72,241,62.6,Round 6,57,68,26,4.49,MEDIUM,FICTIONAL_GENERATED_PROSPECT,GENERATED
PRO2027_373,2027,Edison Skowronek,CB,Secondary,COL0252,Winslow State Tech,22,71,195,86.2,Round 1,78,99,33,4.26,MEDIUM,FICTIONAL_GENERATED_PROSPECT,GENERATED
PRO2027_374,2027,Rhett Hickenbotham,DT,Front Seven,COL0016,Ashfield University,22,75,306,64.8,Round 5,60,73,33,4.7,HIGH,FICTIONAL_GENERATED_PROSPECT,GENERATED
PRO2027_375,2027,Sable Tenpenny,EDGE,Front Seven,COL0147,Whitepine State Tech,22,75,243,56.5,Round 7,52,66,54,4.73,LOW,FICTIONAL_GENERATED_PROSPECT,GENERATED
PRO2027_376,2027,Bexley Ludwig,CB,Secondary,COL0036,Kelvinridge State,22,73,199,48.4,Priority UDFA,40,63,38,4.22,MEDIUM,FICTIONAL_GENERATED_PROSPECT,GENERATED
PRO2027_377,2027,Cortez Windham,DT,Front Seven,COL0144,Whitepine A&M,20,74,297,47.7,Priority UDFA,36,62,73,4.79,MEDIUM,FICTIONAL_GENERATED_PROSPECT,GENERATED
PRO2027_378,2027,Montell Wortham,EDGE,Front Seven,COL0160,Granite Bay Institute,22,78,256,48.2,Priority UDFA,38,64,67,4.7,MEDIUM,FICTIONAL_GENERATED_PROSPECT,GENERATED
PRO2027_379,2027,Malachi Sagapolutele,OT,O-Line,COL0154,Cedar Falls State Tech,21,75,314,63.2,Round 5,51,69,26,4.59,MEDIUM,FICTIONAL_GENERATED_PROSPECT,GENERATED
PRO2027_380,2027,Ansel Garrison,S,Secondary,COL0061,Havenport College,21,71,204,58.8,Round 6,45,70,42,4.43,HIGH,FICTIONAL_GENERATED_PROSPECT,GENERATED
PRO2027_381,2027,Kamari Tolbert,K,Specialist,COL0065,Silverlake University,23,75,178,55.9,Round 7,45,76,34,4.64,MEDIUM,FICTIONAL_GENERATED_PROSPECT,GENERATED
PRO2027_382,2027,Tanner Cantrell,QB,Quarterback,COL0192,Pinehurst Valley Tech,21,74,220,62.5,Round 6,57,81,36,4.37,MEDIUM,FICTIONAL_GENERATED_PROSPECT,GENERATED
PRO2027_383,2027,Kolby Mattison,WR,Receiver,COL0159,Granite Bay College,20,70,207,55.0,Round 7,41,62,29,4.54,MEDIUM,FICTIONAL_GENERATED_PROSPECT,GENERATED
PRO2027_384,2027,Gunner Tanguay,EDGE,Front Seven,COL0242,Talbot A&M,21,74,254,63.1,Round 5,54,82,81,4.5,LOW,FICTIONAL_GENERATED_PROSPECT,GENERATED
PRO2027_385,2027,Silas Avilés,WR,Receiver,COL0224,Foxcroft State Tech,21,70,208,45.7,Priority UDFA,37,54,28,4.37,LOW,FICTIONAL_GENERATED_PROSPECT,GENERATED
PRO2027_386,2027,Maurice Rombach,WR,Receiver,COL0140,Larkspur State Tech,22,72,188,65.1,Round 5,57,71,78,4.39,LOW,FICTIONAL_GENERATED_PROSPECT,GENERATED
PRO2027_387,2027,Tate Oosterhout,EDGE,Front Seven,COL0090,Westmoor Institute,21,76,249,49.6,Priority UDFA,37,65,71,4.74,LOW,FICTIONAL_GENERATED_PROSPECT,GENERATED
PRO2027_388,2027,Solomon Terrazas,OT,O-Line,COL0079,Iron Gate University,22,77,306,47.9,Priority UDFA,40,59,43,4.63,LOW,FICTIONAL_GENERATED_PROSPECT,GENERATED
PRO2027_389,2027,Nathanial Vannett,LB,Front Seven,COL0218,Foxcroft State,20,74,240,49.3,Priority UDFA,36,65,59,4.43,MEDIUM,FICTIONAL_GENERATED_PROSPECT,GENERATED
PRO2027_390,2027,Salvatore Salvador,K,Specialist,COL0147,Whitepine State Tech,22,70,199,43.9,Priority UDFA,35,50,45,4.48,LOW,FICTIONAL_GENERATED_PROSPECT,GENERATED
PRO2027_391,2027,Ridge Lanphier,S,Secondary,COL0208,Lakemont College,22,68,210,69.8,Round 4,64,75,44,4.35,MEDIUM,FICTIONAL_GENERATED_PROSPECT,GENERATED
PRO2027_392,2027,Zaire Delacruz,K,Specialist,COL0040,Kelvinridge College,21,75,181,51.9,Priority UDFA,46,64,53,4.36,MEDIUM,FICTIONAL_GENERATED_PROSPECT,GENERATED
