game_id,season,week,game_date,kickoff_local,home_team_id,away_team_id,venue,venue_city,roof,surface,divisional_game,conference_game,primetime,status,home_score,away_score,data_class
G2026W01001,2026,1,2026-09-13,16:05,DEN,KC,Mile High Park,Denver,open,grass,1,1,0,SCHEDULED,,,GENERATED
G2026W01002,2026,1,2026-09-13,16:05,WAS,DAL,Potomac Yard,Landover,open,grass,1,1,0,SCHEDULED,,,GENERATED
G2026W01003,2026,1,2026-09-13,16:05,CAR,NO,Piedmont Field,Charlotte,open,grass,1,1,0,SCHEDULED,,,GENERATED
G2026W01004,2026,1,2026-09-13,16:05,SF,SEA,Bayview Park,Santa Clara,open,grass,1,1,0,SCHEDULED,,,GENERATED
G2026W01005,2026,1,2026-09-13,16:05,PIT,BUF,Three Rivers Yard,Pittsburgh,open,grass,0,1,0,SCHEDULED,,,GENERATED
G2026W01006,2026,1,2026-09-13,16:05,CLE,MIA,Lakefront Stadium,Cleveland,open,grass,0,1,0,SCHEDULED,,,GENERATED
G2026W01007,2026,1,2026-09-10,20:15,IND,LAC,Circle City Dome,Indianapolis,retractable,artificial,0,1,1,SCHEDULED,,,GENERATED
G2026W01008,2026,1,2026-09-10,20:15,PHI,DET,Independence Field,Philadelphia,open,grass,0,1,1,SCHEDULED,,,GENERATED
G2026W01009,2026,1,2026-09-13,13:00,NYG,MIN,Meadowlark Stadium,East Rutherford,open,artificial,0,1,0,SCHEDULED,,,GENERATED
G2026W01010,2026,1,2026-09-13,16:05,HOU,ATL,Gulf Coast Dome,Houston,retractable,artificial,0,0,0,SCHEDULED,,,GENERATED
G2026W01011,2026,1,2026-09-10,20:15,TEN,NYJ,Cumberland Yard,Nashville,open,grass,0,1,1,SCHEDULED,,,GENERATED
G2026W01012,2026,1,2026-09-13,13:00,CIN,LV,Queen City Field,Cincinnati,open,artificial,0,1,0,SCHEDULED,,,GENERATED
G2026W01013,2026,1,2026-09-13,20:20,CHI,ARI,Lakeside Grounds,Chicago,open,grass,0,1,1,SCHEDULED,,,GENERATED
G2026W01014,2026,1,2026-09-13,13:00,GB,NE,Northwoods Field,Green Bay,open,grass,0,0,0,SCHEDULED,,,GENERATED
G2026W01015,2026,1,2026-09-13,13:00,TB,BAL,Bayshore Stadium,Tampa,open,grass,0,0,0,SCHEDULED,,,GENERATED
G2026W01016,2026,1,2026-09-13,16:05,LAR,JAX,Pacific Crossing,Inglewood,retractable,artificial,0,0,0,SCHEDULED,,,GENERATED
G2026W02017,2026,2,2026-09-20,16:05,BUF,NE,Lakeshore Field,Orchard Park,open,grass,1,1,0,SCHEDULED,,,GENERATED
G2026W02018,2026,2,2026-09-20,16:05,NYJ,MIA,Meadowlark Stadium,East Rutherford,open,artificial,1,1,0,SCHEDULED,,,GENERATED
G2026W02019,2026,2,2026-09-17,20:15,CLE,CIN,Lakefront Stadium,Cleveland,open,grass,1,1,1,SCHEDULED,,,GENERATED
G2026W02020,2026,2,2026-09-20,16:05,HOU,JAX,Gulf Coast Dome,Houston,retractable,artificial,1,1,0,SCHEDULED,,,GENERATED
G2026W02021,2026,2,2026-09-20,13:00,LAC,DEN,Pacific Crossing,Inglewood,retractable,artificial,1,1,0,SCHEDULED,,,GENERATED
G2026W02022,2026,2,2026-09-20,16:05,WAS,PHI,Potomac Yard,Landover,open,grass,1,1,0,SCHEDULED,,,GENERATED
G2026W02023,2026,2,2026-09-20,16:05,ATL,CAR,Peachtree Dome,Atlanta,retractable,artificial,1,1,0,SCHEDULED,,,GENERATED
G2026W02024,2026,2,2026-09-20,13:00,SEA,SF,Puget Sound Field,Seattle,open,artificial,1,1,0,SCHEDULED,,,GENERATED
G2026W02025,2026,2,2026-09-20,16:05,LV,TEN,Silver Vault,Paradise,dome,grass,0,1,0,SCHEDULED,,,GENERATED
G2026W02026,2026,2,2026-09-20,16:05,DET,DAL,Assembly Dome,Detroit,dome,artificial,0,1,0,SCHEDULED,,,GENERATED
G2026W02027,2026,2,2026-09-20,20:20,CHI,NYG,Lakeside Grounds,Chicago,open,grass,0,1,1,SCHEDULED,,,GENERATED
G2026W02028,2026,2,2026-09-21,20:20,TB,LAR,Bayshore Stadium,Tampa,open,grass,0,1,1,SCHEDULED,,,GENERATED
G2026W02029,2026,2,2026-09-20,16:05,MIN,BAL,Aurora Bank Dome,Minneapolis,dome,artificial,0,0,0,SCHEDULED,,,GENERATED
G2026W02030,2026,2,2026-09-17,20:15,GB,PIT,Northwoods Field,Green Bay,open,grass,0,0,1,SCHEDULED,,,GENERATED
G2026W02031,2026,2,2026-09-20,13:00,NO,IND,Crescent Dome,New Orleans,dome,artificial,0,0,0,SCHEDULED,,,GENERATED
G2026W02032,2026,2,2026-09-20,13:00,ARI,KC,Desert Vista Stadium,Glendale,retractable,grass,0,0,0,SCHEDULED,,,GENERATED
G2026W03033,2026,3,2026-09-27,20:20,NYJ,NE,Meadowlark Stadium,East Rutherford,open,artificial,1,1,1,SCHEDULED,,,GENERATED
G2026W03034,2026,3,2026-09-27,13:00,PIT,CIN,Three Rivers Yard,Pittsburgh,open,grass,1,1,0,SCHEDULED,,,GENERATED
G2026W03035,2026,3,2026-09-27,16:05,JAX,TEN,Atlantic Bank Field,Jacksonville,open,grass,1,1,0,SCHEDULED,,,GENERATED
G2026W03036,2026,3,2026-09-27,16:05,CHI,GB,Lakeside Grounds,Chicago,open,grass,1,1,0,SCHEDULED,,,GENERATED
G2026W03037,2026,3,2026-09-27,20:20,CAR,TB,Piedmont Field,Charlotte,open,grass,1,1,1,SCHEDULED,,,GENERATED
G2026W03038,2026,3,2026-09-27,13:00,BAL,MIA,Harborworks Field,Baltimore,open,grass,0,1,0,SCHEDULED,,,GENERATED
G2026W03039,2026,3,2026-09-27,20:20,KC,HOU,Stockyards Stadium,Kansas City,open,grass,0,1,1,SCHEDULED,,,GENERATED
G2026W03040,2026,3,2026-09-27,13:00,DET,WAS,Assembly Dome,Detroit,dome,artificial,0,1,0,SCHEDULED,,,GENERATED
G2026W03041,2026,3,2026-09-27,13:00,LAR,NO,Pacific Crossing,Inglewood,retractable,artificial,0,1,0,SCHEDULED,,,GENERATED
G2026W03042,2026,3,2026-09-27,16:05,DEN,ARI,Mile High Park,Denver,open,grass,0,0,0,SCHEDULED,,,GENERATED
G2026W03043,2026,3,2026-09-28,20:20,IND,BUF,Circle City Dome,Indianapolis,retractable,artificial,0,1,1,SCHEDULED,,,GENERATED
G2026W03044,2026,3,2026-09-27,16:05,SF,PHI,Bayview Park,Santa Clara,open,grass,0,1,0,SCHEDULED,,,GENERATED
G2026W03045,2026,3,2026-09-27,13:00,SEA,MIN,Puget Sound Field,Seattle,open,artificial,0,1,0,SCHEDULED,,,GENERATED
G2026W03046,2026,3,2026-09-27,13:00,CLE,ATL,Lakefront Stadium,Cleveland,open,grass,0,0,0,SCHEDULED,,,GENERATED
G2026W03047,2026,3,2026-09-24,20:15,DAL,LV,Lone Star Palace,Arlington,retractable,artificial,0,0,1,SCHEDULED,,,GENERATED
G2026W03048,2026,3,2026-09-27,13:00,NYG,LAC,Meadowlark Stadium,East Rutherford,open,artificial,0,0,0,SCHEDULED,,,GENERATED
G2026W04049,2026,4,2026-10-04,16:05,MIA,NYJ,Palmetto Bay Stadium,Miami Gardens,open,grass,1,1,0,SCHEDULED,,,GENERATED
G2026W04050,2026,4,2026-10-04,16:05,BAL,CLE,Harborworks Field,Baltimore,open,grass,1,1,0,SCHEDULED,,,GENERATED
G2026W04051,2026,4,2026-10-05,20:20,IND,JAX,Circle City Dome,Indianapolis,retractable,artificial,1,1,1,SCHEDULED,,,GENERATED
G2026W04052,2026,4,2026-10-04,16:05,NYG,DAL,Meadowlark Stadium,East Rutherford,open,artificial,1,1,0,SCHEDULED,,,GENERATED
G2026W04053,2026,4,2026-10-04,16:05,MIN,GB,Aurora Bank Dome,Minneapolis,dome,artificial,1,1,0,SCHEDULED,,,GENERATED
G2026W04054,2026,4,2026-10-04,13:00,NO,ATL,Crescent Dome,New Orleans,dome,artificial,1,1,0,SCHEDULED,,,GENERATED
G2026W04055,2026,4,2026-10-01,20:15,TB,CAR,Bayshore Stadium,Tampa,open,grass,1,1,1,SCHEDULED,,,GENERATED
G2026W04056,2026,4,2026-10-04,16:05,SF,ARI,Bayview Park,Santa Clara,open,grass,1,1,0,SCHEDULED,,,GENERATED
G2026W04057,2026,4,2026-10-04,16:05,PIT,NE,Three Rivers Yard,Pittsburgh,open,grass,0,1,0,SCHEDULED,,,GENERATED
G2026W04058,2026,4,2026-10-04,13:00,HOU,LV,Gulf Coast Dome,Houston,retractable,artificial,0,1,0,SCHEDULED,,,GENERATED
G2026W04059,2026,4,2026-10-01,20:15,TEN,LAC,Cumberland Yard,Nashville,open,grass,0,1,1,SCHEDULED,,,GENERATED
G2026W04060,2026,4,2026-10-04,16:05,WAS,CHI,Potomac Yard,Landover,open,grass,0,1,0,SCHEDULED,,,GENERATED
G2026W04061,2026,4,2026-10-04,16:05,PHI,BUF,Independence Field,Philadelphia,open,grass,0,0,0,SCHEDULED,,,GENERATED
G2026W04062,2026,4,2026-10-04,20:20,CIN,DET,Queen City Field,Cincinnati,open,artificial,0,0,1,SCHEDULED,,,GENERATED
G2026W04063,2026,4,2026-10-04,13:00,LAR,DEN,Pacific Crossing,Inglewood,retractable,artificial,0,0,0,SCHEDULED,,,GENERATED
G2026W04064,2026,4,2026-10-04,13:00,KC,SEA,Stockyards Stadium,Kansas City,open,grass,0,0,0,SCHEDULED,,,GENERATED
G2026W05065,2026,5,2026-10-11,16:05,LV,LAC,Silver Vault,Paradise,dome,grass,1,1,0,SCHEDULED,,,GENERATED
G2026W05066,2026,5,2026-10-11,13:00,WAS,NYG,Potomac Yard,Landover,open,grass,1,1,0,SCHEDULED,,,GENERATED
G2026W05067,2026,5,2026-10-11,16:05,CHI,MIN,Lakeside Grounds,Chicago,open,grass,1,1,0,SCHEDULED,,,GENERATED
G2026W05068,2026,5,2026-10-11,13:00,SEA,ARI,Puget Sound Field,Seattle,open,artificial,1,1,0,SCHEDULED,,,GENERATED
G2026W05069,2026,5,2026-10-08,20:15,BUF,CLE,Lakeshore Field,Orchard Park,open,grass,0,1,1,SCHEDULED,,,GENERATED
G2026W05070,2026,5,2026-10-11,16:05,NYJ,CIN,Meadowlark Stadium,East Rutherford,open,artificial,0,1,0,SCHEDULED,,,GENERATED
G2026W05071,2026,5,2026-10-11,16:05,IND,KC,Circle City Dome,Indianapolis,retractable,artificial,0,1,0,SCHEDULED,,,GENERATED
G2026W05072,2026,5,2026-10-11,13:00,MIA,PHI,Palmetto Bay Stadium,Miami Gardens,open,grass,0,0,0,SCHEDULED,,,GENERATED
G2026W05073,2026,5,2026-10-08,20:15,CAR,JAX,Piedmont Field,Charlotte,open,grass,0,0,1,SCHEDULED,,,GENERATED
G2026W05074,2026,5,2026-10-11,13:00,DEN,SF,Mile High Park,Denver,open,grass,0,0,0,SCHEDULED,,,GENERATED
G2026W05075,2026,5,2026-10-11,16:05,BAL,HOU,Harborworks Field,Baltimore,open,grass,0,1,0,SCHEDULED,,,GENERATED
G2026W05076,2026,5,2026-10-11,16:05,TEN,PIT,Cumberland Yard,Nashville,open,grass,0,1,0,SCHEDULED,,,GENERATED
G2026W05077,2026,5,2026-10-11,16:05,DAL,LAR,Lone Star Palace,Arlington,retractable,artificial,0,1,0,SCHEDULED,,,GENERATED
G2026W05078,2026,5,2026-10-12,20:20,GB,NO,Northwoods Field,Green Bay,open,grass,0,1,1,SCHEDULED,,,GENERATED
G2026W06079,2026,6,2026-10-18,13:00,BAL,CIN,Harborworks Field,Baltimore,open,grass,1,1,0,SCHEDULED,,,GENERATED
G2026W06080,2026,6,2026-10-18,16:05,PHI,NYG,Independence Field,Philadelphia,open,grass,1,1,0,SCHEDULED,,,GENERATED
G2026W06081,2026,6,2026-10-18,13:00,DET,GB,Assembly Dome,Detroit,dome,artificial,1,1,0,SCHEDULED,,,GENERATED
G2026W06082,2026,6,2026-10-18,13:00,HOU,DEN,Gulf Coast Dome,Houston,retractable,artificial,0,1,0,SCHEDULED,,,GENERATED
G2026W06083,2026,6,2026-10-15,20:15,ARI,CAR,Desert Vista Stadium,Glendale,retractable,grass,0,1,1,SCHEDULED,,,GENERATED
G2026W06084,2026,6,2026-10-18,13:00,DAL,MIA,Lone Star Palace,Arlington,retractable,artificial,0,0,0,SCHEDULED,,,GENERATED
G2026W06085,2026,6,2026-10-18,16:05,NE,WAS,Commonwealth Field,Foxborough,open,artificial,0,0,0,SCHEDULED,,,GENERATED
G2026W06086,2026,6,2026-10-18,16:05,PIT,MIN,Three Rivers Yard,Pittsburgh,open,grass,0,0,0,SCHEDULED,,,GENERATED
G2026W06087,2026,6,2026-10-18,16:05,CLE,CHI,Lakefront Stadium,Cleveland,open,grass,0,0,0,SCHEDULED,,,GENERATED
G2026W06088,2026,6,2026-10-19,20:20,IND,TB,Circle City Dome,Indianapolis,retractable,artificial,0,0,1,SCHEDULED,,,GENERATED
G2026W06089,2026,6,2026-10-18,16:05,JAX,ATL,Atlantic Bank Field,Jacksonville,open,grass,0,0,0,SCHEDULED,,,GENERATED
G2026W06090,2026,6,2026-10-19,20:20,SEA,LV,Puget Sound Field,Seattle,open,artificial,0,0,1,SCHEDULED,,,GENERATED
G2026W06091,2026,6,2026-10-18,16:05,LAC,LAR,Pacific Crossing,Inglewood,retractable,artificial,0,0,0,SCHEDULED,,,GENERATED
G2026W06092,2026,6,2026-10-18,16:05,KC,NYJ,Stockyards Stadium,Kansas City,open,grass,0,1,0,SCHEDULED,,,GENERATED
G2026W06093,2026,6,2026-10-18,16:05,TEN,SF,Cumberland Yard,Nashville,open,grass,0,0,0,SCHEDULED,,,GENERATED
G2026W07094,2026,7,2026-10-25,16:05,MIA,BUF,Palmetto Bay Stadium,Miami Gardens,open,grass,1,1,0,SCHEDULED,,,GENERATED
G2026W07095,2026,7,2026-10-22,20:15,CLE,BAL,Lakefront Stadium,Cleveland,open,grass,1,1,1,SCHEDULED,,,GENERATED
G2026W07096,2026,7,2026-10-25,13:00,CIN,PIT,Queen City Field,Cincinnati,open,artificial,1,1,0,SCHEDULED,,,GENERATED
G2026W07097,2026,7,2026-10-25,16:05,TEN,IND,Cumberland Yard,Nashville,open,grass,1,1,0,SCHEDULED,,,GENERATED
G2026W07098,2026,7,2026-10-26,20:20,NYG,PHI,Meadowlark Stadium,East Rutherford,open,artificial,1,1,1,SCHEDULED,,,GENERATED
G2026W07099,2026,7,2026-10-25,16:05,GB,DET,Northwoods Field,Green Bay,open,grass,1,1,0,SCHEDULED,,,GENERATED
G2026W07100,2026,7,2026-10-22,20:15,TB,ATL,Bayshore Stadium,Tampa,open,grass,1,1,1,SCHEDULED,,,GENERATED
G2026W07101,2026,7,2026-10-25,13:00,CAR,LAR,Piedmont Field,Charlotte,open,grass,0,1,0,SCHEDULED,,,GENERATED
G2026W07102,2026,7,2026-10-25,16:05,WAS,NYJ,Potomac Yard,Landover,open,grass,0,0,0,SCHEDULED,,,GENERATED
G2026W07103,2026,7,2026-10-26,20:20,SF,KC,Bayview Park,Santa Clara,open,grass,0,0,1,SCHEDULED,,,GENERATED
G2026W07104,2026,7,2026-10-25,16:05,LAC,SEA,Pacific Crossing,Inglewood,retractable,artificial,0,0,0,SCHEDULED,,,GENERATED
G2026W07105,2026,7,2026-10-25,16:05,NE,JAX,Commonwealth Field,Foxborough,open,artificial,0,1,0,SCHEDULED,,,GENERATED
G2026W07106,2026,7,2026-10-25,13:00,DAL,NO,Lone Star Palace,Arlington,retractable,artificial,0,1,0,SCHEDULED,,,GENERATED
G2026W07107,2026,7,2026-10-25,13:00,ARI,HOU,Desert Vista Stadium,Glendale,retractable,grass,0,0,0,SCHEDULED,,,GENERATED
G2026W08108,2026,8,2026-11-01,16:05,BUF,MIA,Lakeshore Field,Orchard Park,open,grass,1,1,0,SCHEDULED,,,GENERATED
G2026W08109,2026,8,2026-11-01,20:20,BAL,PIT,Harborworks Field,Baltimore,open,grass,1,1,1,SCHEDULED,,,GENERATED
G2026W08110,2026,8,2026-11-01,13:00,TEN,HOU,Cumberland Yard,Nashville,open,grass,1,1,0,SCHEDULED,,,GENERATED
G2026W08111,2026,8,2026-11-01,13:00,PHI,WAS,Independence Field,Philadelphia,open,grass,1,1,0,SCHEDULED,,,GENERATED
G2026W08112,2026,8,2026-11-01,16:05,MIN,CHI,Aurora Bank Dome,Minneapolis,dome,artificial,1,1,0,SCHEDULED,,,GENERATED
G2026W08113,2026,8,2026-11-01,16:05,SEA,LAR,Puget Sound Field,Seattle,open,artificial,1,1,0,SCHEDULED,,,GENERATED
G2026W08114,2026,8,2026-11-01,16:05,NYG,DET,Meadowlark Stadium,East Rutherford,open,artificial,0,1,0,SCHEDULED,,,GENERATED
G2026W08115,2026,8,2026-11-01,20:20,ATL,SF,Peachtree Dome,Atlanta,retractable,artificial,0,1,1,SCHEDULED,,,GENERATED
G2026W08116,2026,8,2026-11-02,20:20,NE,DAL,Commonwealth Field,Foxborough,open,artificial,0,0,1,SCHEDULED,,,GENERATED
G2026W08117,2026,8,2026-11-01,16:05,IND,CAR,Circle City Dome,Indianapolis,retractable,artificial,0,0,0,SCHEDULED,,,GENERATED
G2026W08118,2026,8,2026-11-01,16:05,TB,JAX,Bayshore Stadium,Tampa,open,grass,0,0,0,SCHEDULED,,,GENERATED
G2026W08119,2026,8,2026-10-29,20:15,LV,ARI,Silver Vault,Paradise,dome,grass,0,0,1,SCHEDULED,,,GENERATED
G2026W08120,2026,8,2026-11-01,13:00,DEN,CLE,Mile High Park,Denver,open,grass,0,1,0,SCHEDULED,,,GENERATED
G2026W08121,2026,8,2026-11-01,16:05,NO,CIN,Crescent Dome,New Orleans,dome,artificial,0,0,0,SCHEDULED,,,GENERATED
G2026W09122,2026,9,2026-11-08,16:05,NYJ,BUF,Meadowlark Stadium,East Rutherford,open,artificial,1,1,0,SCHEDULED,,,GENERATED
G2026W09123,2026,9,2026-11-08,16:05,PIT,CLE,Three Rivers Yard,Pittsburgh,open,grass,1,1,0,SCHEDULED,,,GENERATED
G2026W09124,2026,9,2026-11-08,13:00,JAX,TEN,Atlantic Bank Field,Jacksonville,open,grass,1,1,0,SCHEDULED,,,GENERATED
G2026W09125,2026,9,2026-11-08,16:05,KC,LV,Stockyards Stadium,Kansas City,open,grass,1,1,0,SCHEDULED,,,GENERATED
G2026W09126,2026,9,2026-11-08,16:05,WAS,NYG,Potomac Yard,Landover,open,grass,1,1,0,SCHEDULED,,,GENERATED
G2026W09127,2026,9,2026-11-08,16:05,MIN,DET,Aurora Bank Dome,Minneapolis,dome,artificial,1,1,0,SCHEDULED,,,GENERATED
G2026W09128,2026,9,2026-11-05,20:15,MIA,CIN,Palmetto Bay Stadium,Miami Gardens,open,grass,0,1,1,SCHEDULED,,,GENERATED
G2026W09129,2026,9,2026-11-08,16:05,NE,BAL,Commonwealth Field,Foxborough,open,artificial,0,1,0,SCHEDULED,,,GENERATED
G2026W09130,2026,9,2026-11-08,13:00,DEN,IND,Mile High Park,Denver,open,grass,0,1,0,SCHEDULED,,,GENERATED
G2026W09131,2026,9,2026-11-05,20:15,DAL,GB,Lone Star Palace,Arlington,retractable,artificial,0,1,1,SCHEDULED,,,GENERATED
G2026W09132,2026,9,2026-11-08,13:00,LAR,ATL,Pacific Crossing,Inglewood,retractable,artificial,0,1,0,SCHEDULED,,,GENERATED
G2026W09133,2026,9,2026-11-08,13:00,NO,SF,Crescent Dome,New Orleans,dome,artificial,0,1,0,SCHEDULED,,,GENERATED
G2026W09134,2026,9,2026-11-08,16:05,CAR,HOU,Piedmont Field,Charlotte,open,grass,0,0,0,SCHEDULED,,,GENERATED
G2026W09135,2026,9,2026-11-08,16:05,ARI,LAC,Desert Vista Stadium,Glendale,retractable,grass,0,0,0,SCHEDULED,,,GENERATED
G2026W09136,2026,9,2026-11-08,16:05,CHI,TB,Lakeside Grounds,Chicago,open,grass,0,1,0,SCHEDULED,,,GENERATED
G2026W10137,2026,10,2026-11-15,13:00,CIN,CLE,Queen City Field,Cincinnati,open,artificial,1,1,0,SCHEDULED,,,GENERATED
G2026W10138,2026,10,2026-11-15,13:00,HOU,IND,Gulf Coast Dome,Houston,retractable,artificial,1,1,0,SCHEDULED,,,GENERATED
G2026W10139,2026,10,2026-11-15,16:05,GB,CHI,Northwoods Field,Green Bay,open,grass,1,1,0,SCHEDULED,,,GENERATED
G2026W10140,2026,10,2026-11-15,16:05,DET,MIN,Assembly Dome,Detroit,dome,artificial,1,1,0,SCHEDULED,,,GENERATED
G2026W10141,2026,10,2026-11-15,13:00,SEA,NO,Puget Sound Field,Seattle,open,artificial,0,1,0,SCHEDULED,,,GENERATED
G2026W10142,2026,10,2026-11-15,20:20,ARI,TB,Desert Vista Stadium,Glendale,retractable,grass,0,1,1,SCHEDULED,,,GENERATED
G2026W10143,2026,10,2026-11-15,16:05,NYG,NE,Meadowlark Stadium,East Rutherford,open,artificial,0,0,0,SCHEDULED,,,GENERATED
G2026W10144,2026,10,2026-11-12,20:15,NYJ,PHI,Meadowlark Stadium,East Rutherford,open,artificial,0,0,1,SCHEDULED,,,GENERATED
G2026W10145,2026,10,2026-11-15,20:20,ATL,TEN,Peachtree Dome,Atlanta,retractable,artificial,0,0,1,SCHEDULED,,,GENERATED
G2026W10146,2026,10,2026-11-15,16:05,KC,LAR,Stockyards Stadium,Kansas City,open,grass,0,0,0,SCHEDULED,,,GENERATED
G2026W10147,2026,10,2026-11-15,16:05,LV,SF,Silver Vault,Paradise,dome,grass,0,0,0,SCHEDULED,,,GENERATED
G2026W10148,2026,10,2026-11-15,16:05,DEN,BUF,Mile High Park,Denver,open,grass,0,1,0,SCHEDULED,,,GENERATED
G2026W10149,2026,10,2026-11-15,16:05,MIA,LAC,Palmetto Bay Stadium,Miami Gardens,open,grass,0,1,0,SCHEDULED,,,GENERATED
G2026W10150,2026,10,2026-11-12,20:15,PIT,CAR,Three Rivers Yard,Pittsburgh,open,grass,0,0,1,SCHEDULED,,,GENERATED
G2026W11151,2026,11,2026-11-22,16:05,LV,DEN,Silver Vault,Paradise,dome,grass,1,1,0,SCHEDULED,,,GENERATED
G2026W11152,2026,11,2026-11-22,13:00,PHI,DAL,Independence Field,Philadelphia,open,grass,1,1,0,SCHEDULED,,,GENERATED
G2026W11153,2026,11,2026-11-22,20:20,MIN,GB,Aurora Bank Dome,Minneapolis,dome,artificial,1,1,1,SCHEDULED,,,GENERATED
G2026W11154,2026,11,2026-11-22,16:05,NO,CAR,Crescent Dome,New Orleans,dome,artificial,1,1,0,SCHEDULED,,,GENERATED
G2026W11155,2026,11,2026-11-22,16:05,LAR,SEA,Pacific Crossing,Inglewood,retractable,artificial,1,1,0,SCHEDULED,,,GENERATED
G2026W11156,2026,11,2026-11-22,13:00,CIN,NE,Queen City Field,Cincinnati,open,artificial,0,1,0,SCHEDULED,,,GENERATED
G2026W11157,2026,11,2026-11-22,13:00,BAL,NYJ,Harborworks Field,Baltimore,open,grass,0,1,0,SCHEDULED,,,GENERATED
G2026W11158,2026,11,2026-11-22,13:00,LAC,HOU,Pacific Crossing,Inglewood,retractable,artificial,0,1,0,SCHEDULED,,,GENERATED
G2026W11159,2026,11,2026-11-22,16:05,KC,JAX,Stockyards Stadium,Kansas City,open,grass,0,1,0,SCHEDULED,,,GENERATED
G2026W11160,2026,11,2026-11-22,16:05,SF,TB,Bayview Park,Santa Clara,open,grass,0,1,0,SCHEDULED,,,GENERATED
G2026W11161,2026,11,2026-11-22,16:05,BUF,WAS,Lakeshore Field,Orchard Park,open,grass,0,0,0,SCHEDULED,,,GENERATED
G2026W11162,2026,11,2026-11-22,13:00,CHI,PIT,Lakeside Grounds,Chicago,open,grass,0,0,0,SCHEDULED,,,GENERATED
G2026W11163,2026,11,2026-11-22,20:20,DET,CLE,Assembly Dome,Detroit,dome,artificial,0,0,1,SCHEDULED,,,GENERATED
G2026W11164,2026,11,2026-11-22,16:05,ATL,IND,Peachtree Dome,Atlanta,retractable,artificial,0,0,0,SCHEDULED,,,GENERATED
G2026W11165,2026,11,2026-11-22,16:05,NYG,ARI,Meadowlark Stadium,East Rutherford,open,artificial,0,1,0,SCHEDULED,,,GENERATED
G2026W12166,2026,12,2026-11-29,13:00,NE,MIA,Commonwealth Field,Foxborough,open,artificial,1,1,0,SCHEDULED,,,GENERATED
G2026W12167,2026,12,2026-11-29,16:05,PIT,BAL,Three Rivers Yard,Pittsburgh,open,grass,1,1,0,SCHEDULED,,,GENERATED
G2026W12168,2026,12,2026-11-29,16:05,LAC,LV,Pacific Crossing,Inglewood,retractable,artificial,1,1,0,SCHEDULED,,,GENERATED
G2026W12169,2026,12,2026-11-29,16:05,DET,CHI,Assembly Dome,Detroit,dome,artificial,1,1,0,SCHEDULED,,,GENERATED
G2026W12170,2026,12,2026-11-29,13:00,CLE,NYJ,Lakefront Stadium,Cleveland,open,grass,0,1,0,SCHEDULED,,,GENERATED
G2026W12171,2026,12,2026-11-29,16:05,JAX,DEN,Atlantic Bank Field,Jacksonville,open,grass,0,1,0,SCHEDULED,,,GENERATED
G2026W12172,2026,12,2026-11-29,13:00,MIN,DAL,Aurora Bank Dome,Minneapolis,dome,artificial,0,1,0,SCHEDULED,,,GENERATED
G2026W12173,2026,12,2026-11-29,16:05,CAR,SEA,Piedmont Field,Charlotte,open,grass,0,1,0,SCHEDULED,,,GENERATED
G2026W12174,2026,12,2026-11-29,13:00,NYG,BUF,Meadowlark Stadium,East Rutherford,open,artificial,0,0,0,SCHEDULED,,,GENERATED
G2026W12175,2026,12,2026-11-29,16:05,TB,HOU,Bayshore Stadium,Tampa,open,grass,0,0,0,SCHEDULED,,,GENERATED
G2026W12176,2026,12,2026-11-26,20:15,NO,TEN,Crescent Dome,New Orleans,dome,artificial,0,0,1,SCHEDULED,,,GENERATED
G2026W12177,2026,12,2026-11-29,13:00,ATL,WAS,Peachtree Dome,Atlanta,retractable,artificial,0,1,0,SCHEDULED,,,GENERATED
G2026W12178,2026,12,2026-11-29,16:05,GB,LAR,Northwoods Field,Green Bay,open,grass,0,1,0,SCHEDULED,,,GENERATED
G2026W12179,2026,12,2026-11-29,16:05,KC,PHI,Stockyards Stadium,Kansas City,open,grass,0,0,0,SCHEDULED,,,GENERATED
G2026W13180,2026,13,2026-12-06,16:05,MIA,NE,Palmetto Bay Stadium,Miami Gardens,open,grass,1,1,0,SCHEDULED,,,GENERATED
G2026W13181,2026,13,2026-12-06,13:00,KC,DEN,Stockyards Stadium,Kansas City,open,grass,1,1,0,SCHEDULED,,,GENERATED
G2026W13182,2026,13,2026-12-06,16:05,DET,CHI,Assembly Dome,Detroit,dome,artificial,1,1,0,SCHEDULED,,,GENERATED
G2026W13183,2026,13,2026-12-06,16:05,ATL,TB,Peachtree Dome,Atlanta,retractable,artificial,1,1,0,SCHEDULED,,,GENERATED
G2026W13184,2026,13,2026-12-07,20:20,LAR,ARI,Pacific Crossing,Inglewood,retractable,artificial,1,1,1,SCHEDULED,,,GENERATED
G2026W13185,2026,13,2026-12-07,20:20,NYJ,PIT,Meadowlark Stadium,East Rutherford,open,artificial,0,1,1,SCHEDULED,,,GENERATED
G2026W13186,2026,13,2026-12-06,13:00,LV,IND,Silver Vault,Paradise,dome,grass,0,1,0,SCHEDULED,,,GENERATED
G2026W13187,2026,13,2026-12-07,20:20,PHI,MIN,Independence Field,Philadelphia,open,grass,0,1,1,SCHEDULED,,,GENERATED
G2026W13188,2026,13,2026-12-06,16:05,BUF,DAL,Lakeshore Field,Orchard Park,open,grass,0,0,0,SCHEDULED,,,GENERATED
G2026W13189,2026,13,2026-12-06,16:05,BAL,GB,Harborworks Field,Baltimore,open,grass,0,0,0,SCHEDULED,,,GENERATED
G2026W13190,2026,13,2026-12-06,20:20,HOU,NO,Gulf Coast Dome,Houston,retractable,artificial,0,0,1,SCHEDULED,,,GENERATED
G2026W13191,2026,13,2026-12-06,13:00,TEN,CAR,Cumberland Yard,Nashville,open,grass,0,0,0,SCHEDULED,,,GENERATED
G2026W13192,2026,13,2026-12-06,16:05,SF,LAC,Bayview Park,Santa Clara,open,grass,0,0,0,SCHEDULED,,,GENERATED
G2026W13193,2026,13,2026-12-06,13:00,CIN,JAX,Queen City Field,Cincinnati,open,artificial,0,1,0,SCHEDULED,,,GENERATED
G2026W13194,2026,13,2026-12-06,16:05,SEA,WAS,Puget Sound Field,Seattle,open,artificial,0,1,0,SCHEDULED,,,GENERATED
G2026W14195,2026,14,2026-12-13,16:05,JAX,IND,Atlantic Bank Field,Jacksonville,open,grass,1,1,0,SCHEDULED,,,GENERATED
G2026W14196,2026,14,2026-12-13,13:00,LV,DEN,Silver Vault,Paradise,dome,grass,1,1,0,SCHEDULED,,,GENERATED
G2026W14197,2026,14,2026-12-13,16:05,LAC,KC,Pacific Crossing,Inglewood,retractable,artificial,1,1,0,SCHEDULED,,,GENERATED
G2026W14198,2026,14,2026-12-13,16:05,BUF,BAL,Lakeshore Field,Orchard Park,open,grass,0,1,0,SCHEDULED,,,GENERATED
G2026W14199,2026,14,2026-12-13,16:05,NE,CLE,Commonwealth Field,Foxborough,open,artificial,0,1,0,SCHEDULED,,,GENERATED
G2026W14200,2026,14,2026-12-13,16:05,GB,PHI,Northwoods Field,Green Bay,open,grass,0,1,0,SCHEDULED,,,GENERATED
G2026W14201,2026,14,2026-12-13,16:05,MIN,WAS,Aurora Bank Dome,Minneapolis,dome,artificial,0,1,0,SCHEDULED,,,GENERATED
G2026W14202,2026,14,2026-12-13,16:05,SEA,ATL,Puget Sound Field,Seattle,open,artificial,0,1,0,SCHEDULED,,,GENERATED
G2026W14203,2026,14,2026-12-10,20:15,NO,ARI,Crescent Dome,New Orleans,dome,artificial,0,1,1,SCHEDULED,,,GENERATED
G2026W14204,2026,14,2026-12-13,16:05,MIA,NYG,Palmetto Bay Stadium,Miami Gardens,open,grass,0,0,0,SCHEDULED,,,GENERATED
G2026W14205,2026,14,2026-12-13,16:05,DAL,NYJ,Lone Star Palace,Arlington,retractable,artificial,0,0,0,SCHEDULED,,,GENERATED
G2026W14206,2026,14,2026-12-13,16:05,CHI,CIN,Lakeside Grounds,Chicago,open,grass,0,0,0,SCHEDULED,,,GENERATED
G2026W14207,2026,14,2026-12-13,16:05,TEN,TB,Cumberland Yard,Nashville,open,grass,0,0,0,SCHEDULED,,,GENERATED
G2026W14208,2026,14,2026-12-13,16:05,SF,DET,Bayview Park,Santa Clara,open,grass,0,1,0,SCHEDULED,,,GENERATED
G2026W15209,2026,15,2026-12-20,20:20,NE,BUF,Commonwealth Field,Foxborough,open,artificial,1,1,1,SCHEDULED,,,GENERATED
G2026W15210,2026,15,2026-12-20,16:05,CIN,BAL,Queen City Field,Cincinnati,open,artificial,1,1,0,SCHEDULED,,,GENERATED
G2026W15211,2026,15,2026-12-20,16:05,JAX,HOU,Atlantic Bank Field,Jacksonville,open,grass,1,1,0,SCHEDULED,,,GENERATED
G2026W15212,2026,15,2026-12-21,20:20,IND,TEN,Circle City Dome,Indianapolis,retractable,artificial,1,1,1,SCHEDULED,,,GENERATED
G2026W15213,2026,15,2026-12-20,20:20,DEN,LAC,Mile High Park,Denver,open,grass,1,1,1,SCHEDULED,,,GENERATED
G2026W15214,2026,15,2026-12-20,16:05,ATL,NO,Peachtree Dome,Atlanta,retractable,artificial,1,1,0,SCHEDULED,,,GENERATED
G2026W15215,2026,15,2026-12-20,13:00,ARI,SF,Desert Vista Stadium,Glendale,retractable,grass,1,1,0,SCHEDULED,,,GENERATED
G2026W15216,2026,15,2026-12-20,16:05,DAL,CHI,Lone Star Palace,Arlington,retractable,artificial,0,1,0,SCHEDULED,,,GENERATED
G2026W15217,2026,15,2026-12-20,16:05,GB,NYG,Northwoods Field,Green Bay,open,grass,0,1,0,SCHEDULED,,,GENERATED
G2026W15218,2026,15,2026-12-20,20:20,TB,SEA,Bayshore Stadium,Tampa,open,grass,0,1,1,SCHEDULED,,,GENERATED
G2026W15219,2026,15,2026-12-20,16:05,WAS,MIA,Potomac Yard,Landover,open,grass,0,0,0,SCHEDULED,,,GENERATED
G2026W15220,2026,15,2026-12-20,16:05,MIN,CLE,Aurora Bank Dome,Minneapolis,dome,artificial,0,0,0,SCHEDULED,,,GENERATED
G2026W15221,2026,15,2026-12-20,20:20,LAR,LV,Pacific Crossing,Inglewood,retractable,artificial,0,0,1,SCHEDULED,,,GENERATED
G2026W15222,2026,15,2026-12-20,20:20,KC,PIT,Stockyards Stadium,Kansas City,open,grass,0,1,1,SCHEDULED,,,GENERATED
G2026W15223,2026,15,2026-12-21,20:20,CAR,PHI,Piedmont Field,Charlotte,open,grass,0,1,1,SCHEDULED,,,GENERATED
G2026W15224,2026,15,2026-12-20,13:00,NYJ,DET,Meadowlark Stadium,East Rutherford,open,artificial,0,0,0,SCHEDULED,,,GENERATED
G2026W16225,2026,16,2026-12-27,20:20,NE,NYJ,Commonwealth Field,Foxborough,open,artificial,1,1,1,SCHEDULED,,,GENERATED
G2026W16226,2026,16,2026-12-27,16:05,DAL,NYG,Lone Star Palace,Arlington,retractable,artificial,1,1,0,SCHEDULED,,,GENERATED
G2026W16227,2026,16,2026-12-27,16:05,NO,TB,Crescent Dome,New Orleans,dome,artificial,1,1,0,SCHEDULED,,,GENERATED
G2026W16228,2026,16,2026-12-27,16:05,ARI,LAR,Desert Vista Stadium,Glendale,retractable,grass,1,1,0,SCHEDULED,,,GENERATED
G2026W16229,2026,16,2026-12-27,16:05,CIN,BUF,Queen City Field,Cincinnati,open,artificial,0,1,0,SCHEDULED,,,GENERATED
G2026W16230,2026,16,2026-12-27,13:00,JAX,LV,Atlantic Bank Field,Jacksonville,open,grass,0,1,0,SCHEDULED,,,GENERATED
G2026W16231,2026,16,2026-12-27,13:00,TEN,KC,Cumberland Yard,Nashville,open,grass,0,1,0,SCHEDULED,,,GENERATED
G2026W16232,2026,16,2026-12-27,20:20,CHI,PHI,Lakeside Grounds,Chicago,open,grass,0,1,1,SCHEDULED,,,GENERATED
G2026W16233,2026,16,2026-12-27,13:00,SF,CAR,Bayview Park,Santa Clara,open,grass,0,1,0,SCHEDULED,,,GENERATED
G2026W16234,2026,16,2026-12-27,13:00,PIT,DET,Three Rivers Yard,Pittsburgh,open,grass,0,0,0,SCHEDULED,,,GENERATED
G2026W16235,2026,16,2026-12-27,20:20,CLE,GB,Lakefront Stadium,Cleveland,open,grass,0,0,1,SCHEDULED,,,GENERATED
G2026W16236,2026,16,2026-12-27,16:05,MIA,HOU,Palmetto Bay Stadium,Miami Gardens,open,grass,0,1,0,SCHEDULED,,,GENERATED
G2026W16237,2026,16,2026-12-27,13:00,BAL,LAC,Harborworks Field,Baltimore,open,grass,0,1,0,SCHEDULED,,,GENERATED
G2026W16238,2026,16,2026-12-27,16:05,ATL,MIN,Peachtree Dome,Atlanta,retractable,artificial,0,1,0,SCHEDULED,,,GENERATED
G2026W16239,2026,16,2026-12-27,13:00,IND,SEA,Circle City Dome,Indianapolis,retractable,artificial,0,0,0,SCHEDULED,,,GENERATED
G2026W16240,2026,16,2026-12-27,16:05,DEN,WAS,Mile High Park,Denver,open,grass,0,0,0,SCHEDULED,,,GENERATED
G2026W17241,2026,17,2027-01-03,16:05,BUF,NYJ,Lakeshore Field,Orchard Park,open,grass,1,1,0,SCHEDULED,,,GENERATED
G2026W17242,2026,17,2027-01-03,16:05,HOU,TEN,Gulf Coast Dome,Houston,retractable,artificial,1,1,0,SCHEDULED,,,GENERATED
G2026W17243,2026,17,2027-01-03,16:05,LAC,KC,Pacific Crossing,Inglewood,retractable,artificial,1,1,0,SCHEDULED,,,GENERATED
G2026W17244,2026,17,2027-01-03,16:05,PHI,DAL,Independence Field,Philadelphia,open,grass,1,1,0,SCHEDULED,,,GENERATED
G2026W17245,2026,17,2027-01-03,20:20,LAR,SF,Pacific Crossing,Inglewood,retractable,artificial,1,1,1,SCHEDULED,,,GENERATED
G2026W17246,2026,17,2027-01-03,16:05,MIA,PIT,Palmetto Bay Stadium,Miami Gardens,open,grass,0,1,0,SCHEDULED,,,GENERATED
G2026W17247,2026,17,2027-01-03,13:00,WAS,GB,Potomac Yard,Landover,open,grass,0,1,0,SCHEDULED,,,GENERATED
G2026W17248,2026,17,2027-01-03,13:00,ATL,ARI,Peachtree Dome,Atlanta,retractable,artificial,0,1,0,SCHEDULED,,,GENERATED
G2026W17249,2026,17,2027-01-03,16:05,BAL,CHI,Harborworks Field,Baltimore,open,grass,0,0,0,SCHEDULED,,,GENERATED
G2026W17250,2026,17,2027-01-03,16:05,CIN,MIN,Queen City Field,Cincinnati,open,artificial,0,0,0,SCHEDULED,,,GENERATED
G2026W17251,2026,17,2027-01-03,20:20,JAX,NO,Atlantic Bank Field,Jacksonville,open,grass,0,0,1,SCHEDULED,,,GENERATED
G2026W17252,2026,17,2027-01-03,16:05,SEA,DEN,Puget Sound Field,Seattle,open,artificial,0,0,0,SCHEDULED,,,GENERATED
G2026W17253,2026,17,2027-01-03,16:05,NE,LV,Commonwealth Field,Foxborough,open,artificial,0,1,0,SCHEDULED,,,GENERATED
G2026W17254,2026,17,2027-01-04,20:20,IND,CLE,Circle City Dome,Indianapolis,retractable,artificial,0,1,1,SCHEDULED,,,GENERATED
G2026W17255,2026,17,2027-01-04,20:20,NYG,TB,Meadowlark Stadium,East Rutherford,open,artificial,0,1,1,SCHEDULED,,,GENERATED
G2026W17256,2026,17,2027-01-03,16:05,CAR,DET,Piedmont Field,Charlotte,open,grass,0,1,0,SCHEDULED,,,GENERATED
G2026W18257,2026,18,2027-01-10,20:20,CLE,PIT,Lakefront Stadium,Cleveland,open,grass,1,1,1,SCHEDULED,,,GENERATED
G2026W18258,2026,18,2027-01-10,16:05,HOU,IND,Gulf Coast Dome,Houston,retractable,artificial,1,1,0,SCHEDULED,,,GENERATED
G2026W18259,2026,18,2027-01-10,13:00,LV,KC,Silver Vault,Paradise,dome,grass,1,1,0,SCHEDULED,,,GENERATED
G2026W18260,2026,18,2027-01-10,13:00,DAL,WAS,Lone Star Palace,Arlington,retractable,artificial,1,1,0,SCHEDULED,,,GENERATED
G2026W18261,2026,18,2027-01-10,16:05,CAR,ATL,Piedmont Field,Charlotte,open,grass,1,1,0,SCHEDULED,,,GENERATED
G2026W18262,2026,18,2027-01-11,20:20,TB,NO,Bayshore Stadium,Tampa,open,grass,1,1,1,SCHEDULED,,,GENERATED
G2026W18263,2026,18,2027-01-10,16:05,ARI,SEA,Desert Vista Stadium,Glendale,retractable,grass,1,1,0,SCHEDULED,,,GENERATED
G2026W18264,2026,18,2027-01-10,13:00,SF,LAR,Bayview Park,Santa Clara,open,grass,1,1,0,SCHEDULED,,,GENERATED
G2026W18265,2026,18,2027-01-10,16:05,LAC,JAX,Pacific Crossing,Inglewood,retractable,artificial,0,1,0,SCHEDULED,,,GENERATED
G2026W18266,2026,18,2027-01-10,16:05,DEN,TEN,Mile High Park,Denver,open,grass,0,1,0,SCHEDULED,,,GENERATED
G2026W18267,2026,18,2027-01-10,13:00,PHI,NE,Independence Field,Philadelphia,open,grass,0,0,0,SCHEDULED,,,GENERATED
G2026W18268,2026,18,2027-01-11,20:20,NYJ,NYG,Meadowlark Stadium,East Rutherford,open,artificial,0,0,1,SCHEDULED,,,GENERATED
G2026W18269,2026,18,2027-01-10,13:00,DET,BAL,Assembly Dome,Detroit,dome,artificial,0,0,0,SCHEDULED,,,GENERATED
G2026W18270,2026,18,2027-01-10,16:05,GB,CIN,Northwoods Field,Green Bay,open,grass,0,0,0,SCHEDULED,,,GENERATED
G2026W18271,2026,18,2027-01-10,16:05,BUF,MIN,Lakeshore Field,Orchard Park,open,grass,0,0,0,SCHEDULED,,,GENERATED
G2026W18272,2026,18,2027-01-10,13:00,CHI,MIA,Lakeside Grounds,Chicago,open,grass,0,0,0,SCHEDULED,,,GENERATED
