team_id,unit,slot,slot_position,depth_order,player_id,player_position,is_starter,data_class
BUF,Offense,QB,QB,1,BUF_QB_01,QB,1,MODELED
BUF,Offense,QB,QB,2,BUF_QB_02,QB,0,MODELED
BUF,Offense,RB,RB,1,BUF_RB_01,RB,1,MODELED
BUF,Offense,RB,RB,2,BUF_RB_02,RB,0,MODELED
BUF,Offense,RB,RB,3,BUF_RB_03,RB,0,MODELED
BUF,Offense,FB,FB,1,BUF_FB_01,FB,1,MODELED
BUF,Offense,WR_X,WR,1,BUF_WR_03,WR,1,MODELED
BUF,Offense,WR_X,WR,2,BUF_WR_02,WR,0,MODELED
BUF,Offense,WR_X,WR,3,BUF_WR_01,WR,0,MODELED
BUF,Offense,WR_Z,WR,1,BUF_WR_02,WR,1,MODELED
BUF,Offense,WR_Z,WR,2,BUF_WR_01,WR,0,MODELED
BUF,Offense,WR_Z,WR,3,BUF_WR_04,WR,0,MODELED
BUF,Offense,WR_SLOT,WR,1,BUF_WR_01,WR,1,MODELED
BUF,Offense,WR_SLOT,WR,2,BUF_WR_04,WR,0,MODELED
BUF,Offense,TE_Y,TE,1,BUF_TE_03,TE,1,MODELED
BUF,Offense,TE_Y,TE,2,BUF_TE_01,TE,0,MODELED
BUF,Offense,TE_F,TE,1,BUF_TE_01,TE,1,MODELED
BUF,Offense,TE_F,TE,2,BUF_TE_02,TE,0,MODELED
BUF,Offense,LT,OT,1,BUF_OT_02,OT,1,MODELED
BUF,Offense,LT,OT,2,BUF_OT_01,OT,0,MODELED
BUF,Offense,LG,OG,1,BUF_OG_01,OG,1,MODELED
BUF,Offense,LG,OG,2,BUF_OG_02,OG,0,MODELED
BUF,Offense,C,C,1,BUF_C_01,C,1,MODELED
BUF,Offense,C,C,2,BUF_C_02,C,0,MODELED
BUF,Offense,RG,OG,1,BUF_OG_02,OG,1,MODELED
BUF,Offense,RG,OG,2,BUF_OG_03,OG,0,MODELED
BUF,Offense,RT,OT,1,BUF_OT_01,OT,1,MODELED
BUF,Offense,RT,OT,2,BUF_OT_03,OT,0,MODELED
BUF,Defense,LDE,DT,1,BUF_DT_04,DT,1,MODELED
BUF,Defense,LDE,DT,2,BUF_DT_05,DT,0,MODELED
BUF,Defense,NT,DT,1,BUF_DT_05,DT,1,MODELED
BUF,Defense,NT,DT,2,BUF_DT_01,DT,0,MODELED
BUF,Defense,RDE,DT,1,BUF_DT_01,DT,1,MODELED
BUF,Defense,RDE,DT,2,BUF_DT_02,DT,0,MODELED
BUF,Defense,LOLB,EDGE,1,BUF_EDGE_01,EDGE,1,MODELED
BUF,Defense,LOLB,EDGE,2,BUF_EDGE_02,EDGE,0,MODELED
BUF,Defense,ROLB,EDGE,1,BUF_EDGE_02,EDGE,1,MODELED
BUF,Defense,ROLB,EDGE,2,BUF_EDGE_05,EDGE,0,MODELED
BUF,Defense,ILB_MIKE,LB,1,BUF_LB_01,LB,1,MODELED
BUF,Defense,ILB_MIKE,LB,2,BUF_LB_02,LB,0,MODELED
BUF,Defense,ILB_WILL,LB,1,BUF_LB_02,LB,1,MODELED
BUF,Defense,ILB_WILL,LB,2,BUF_LB_04,LB,0,MODELED
BUF,Defense,CB_1,CB,1,BUF_CB_03,CB,1,MODELED
BUF,Defense,CB_1,CB,2,BUF_CB_02,CB,0,MODELED
BUF,Defense,CB_2,CB,1,BUF_CB_02,CB,1,MODELED
BUF,Defense,CB_2,CB,2,BUF_CB_01,CB,0,MODELED
BUF,Defense,NICKEL,CB,1,BUF_CB_01,CB,1,MODELED
BUF,Defense,NICKEL,CB,2,BUF_CB_06,CB,0,MODELED
BUF,Defense,FS,S,1,BUF_S_02,S,1,MODELED
BUF,Defense,FS,S,2,BUF_S_01,S,0,MODELED
BUF,Defense,SS,S,1,BUF_S_01,S,1,MODELED
BUF,Defense,SS,S,2,BUF_S_03,S,0,MODELED
BUF,Special Teams,K,K,1,BUF_K_01,K,1,MODELED
BUF,Special Teams,P,P,1,BUF_P_01,P,1,MODELED
BUF,Special Teams,LS,LS,1,BUF_LS_01,LS,1,MODELED
BUF,Special Teams,KR,WR,1,BUF_WR_04,WR,1,MODELED
BUF,Special Teams,KR,WR,2,BUF_WR_06,WR,0,MODELED
BUF,Special Teams,PR,WR,1,BUF_WR_06,WR,1,MODELED
BUF,Special Teams,PR,WR,2,BUF_WR_05,WR,0,MODELED
BUF,Special Teams,GUNNER,S,1,BUF_S_03,S,1,MODELED
BUF,Special Teams,GUNNER,S,2,BUF_S_04,S,0,MODELED
MIA,Offense,QB,QB,1,MIA_QB_01,QB,1,MODELED
MIA,Offense,QB,QB,2,MIA_QB_02,QB,0,MODELED
MIA,Offense,RB,RB,1,MIA_RB_02,RB,1,MODELED
MIA,Offense,RB,RB,2,MIA_RB_01,RB,0,MODELED
MIA,Offense,RB,RB,3,MIA_RB_03,RB,0,MODELED
MIA,Offense,FB,FB,1,MIA_FB_01,FB,1,MODELED
MIA,Offense,WR_X,WR,1,MIA_WR_01,WR,1,MODELED
MIA,Offense,WR_X,WR,2,MIA_WR_06,WR,0,MODELED
MIA,Offense,WR_X,WR,3,MIA_WR_03,WR,0,MODELED
MIA,Offense,WR_Z,WR,1,MIA_WR_06,WR,1,MODELED
MIA,Offense,WR_Z,WR,2,MIA_WR_03,WR,0,MODELED
MIA,Offense,WR_Z,WR,3,MIA_WR_02,WR,0,MODELED
MIA,Offense,WR_SLOT,WR,1,MIA_WR_03,WR,1,MODELED
MIA,Offense,WR_SLOT,WR,2,MIA_WR_02,WR,0,MODELED
MIA,Offense,TE_Y,TE,1,MIA_TE_02,TE,1,MODELED
MIA,Offense,TE_Y,TE,2,MIA_TE_03,TE,0,MODELED
MIA,Offense,TE_F,TE,1,MIA_TE_03,TE,1,MODELED
MIA,Offense,TE_F,TE,2,MIA_TE_01,TE,0,MODELED
MIA,Offense,LT,OT,1,MIA_OT_04,OT,1,MODELED
MIA,Offense,LT,OT,2,MIA_OT_02,OT,0,MODELED
MIA,Offense,LG,OG,1,MIA_OG_01,OG,1,MODELED
MIA,Offense,LG,OG,2,MIA_OG_02,OG,0,MODELED
MIA,Offense,C,C,1,MIA_C_01,C,1,MODELED
MIA,Offense,C,C,2,MIA_C_02,C,0,MODELED
MIA,Offense,RG,OG,1,MIA_OG_02,OG,1,MODELED
MIA,Offense,RG,OG,2,MIA_OG_04,OG,0,MODELED
MIA,Offense,RT,OT,1,MIA_OT_02,OT,1,MODELED
MIA,Offense,RT,OT,2,MIA_OT_03,OT,0,MODELED
MIA,Defense,LDE,EDGE,1,MIA_EDGE_01,EDGE,1,MODELED
MIA,Defense,LDE,EDGE,2,MIA_EDGE_02,EDGE,0,MODELED
MIA,Defense,RDE,EDGE,1,MIA_EDGE_02,EDGE,1,MODELED
MIA,Defense,RDE,EDGE,2,MIA_EDGE_04,EDGE,0,MODELED
MIA,Defense,DT_3T,DT,1,MIA_DT_01,DT,1,MODELED
MIA,Defense,DT_3T,DT,2,MIA_DT_04,DT,0,MODELED
MIA,Defense,DT_1T,DT,1,MIA_DT_04,DT,1,MODELED
MIA,Defense,DT_1T,DT,2,MIA_DT_02,DT,0,MODELED
MIA,Defense,SAM,LB,1,MIA_LB_03,LB,1,MODELED
MIA,Defense,SAM,LB,2,MIA_LB_05,LB,0,MODELED
MIA,Defense,MIKE,LB,1,MIA_LB_05,LB,1,MODELED
MIA,Defense,MIKE,LB,2,MIA_LB_04,LB,0,MODELED
MIA,Defense,WILL,LB,1,MIA_LB_04,LB,1,MODELED
MIA,Defense,WILL,LB,2,MIA_LB_01,LB,0,MODELED
MIA,Defense,CB_1,CB,1,MIA_CB_03,CB,1,MODELED
MIA,Defense,CB_1,CB,2,MIA_CB_01,CB,0,MODELED
MIA,Defense,CB_2,CB,1,MIA_CB_01,CB,1,MODELED
MIA,Defense,CB_2,CB,2,MIA_CB_02,CB,0,MODELED
MIA,Defense,NICKEL,CB,1,MIA_CB_02,CB,1,MODELED
MIA,Defense,NICKEL,CB,2,MIA_CB_05,CB,0,MODELED
MIA,Defense,FS,S,1,MIA_S_02,S,1,MODELED
MIA,Defense,FS,S,2,MIA_S_03,S,0,MODELED
MIA,Defense,SS,S,1,MIA_S_03,S,1,MODELED
MIA,Defense,SS,S,2,MIA_S_04,S,0,MODELED
MIA,Special Teams,K,K,1,MIA_K_01,K,1,MODELED
MIA,Special Teams,P,P,1,MIA_P_01,P,1,MODELED
MIA,Special Teams,LS,LS,1,MIA_LS_01,LS,1,MODELED
MIA,Special Teams,KR,WR,1,MIA_WR_02,WR,1,MODELED
MIA,Special Teams,KR,WR,2,MIA_WR_04,WR,0,MODELED
MIA,Special Teams,PR,WR,1,MIA_WR_04,WR,1,MODELED
MIA,Special Teams,PR,WR,2,MIA_WR_05,WR,0,MODELED
MIA,Special Teams,GUNNER,S,1,MIA_S_04,S,1,MODELED
MIA,Special Teams,GUNNER,S,2,MIA_S_01,S,0,MODELED
NE,Offense,QB,QB,1,NE_QB_01,QB,1,MODELED
NE,Offense,QB,QB,2,NE_QB_02,QB,0,MODELED
NE,Offense,RB,RB,1,NE_RB_01,RB,1,MODELED
NE,Offense,RB,RB,2,NE_RB_03,RB,0,MODELED
NE,Offense,RB,RB,3,NE_RB_02,RB,0,MODELED
NE,Offense,FB,FB,1,NE_FB_01,FB,1,MODELED
NE,Offense,WR_X,WR,1,NE_WR_02,WR,1,MODELED
NE,Offense,WR_X,WR,2,NE_WR_01,WR,0,MODELED
NE,Offense,WR_X,WR,3,NE_WR_03,WR,0,MODELED
NE,Offense,WR_Z,WR,1,NE_WR_01,WR,1,MODELED
NE,Offense,WR_Z,WR,2,NE_WR_03,WR,0,MODELED
NE,Offense,WR_Z,WR,3,NE_WR_06,WR,0,MODELED
NE,Offense,WR_SLOT,WR,1,NE_WR_03,WR,1,MODELED
NE,Offense,WR_SLOT,WR,2,NE_WR_06,WR,0,MODELED
NE,Offense,TE_Y,TE,1,NE_TE_01,TE,1,MODELED
NE,Offense,TE_Y,TE,2,NE_TE_03,TE,0,MODELED
NE,Offense,TE_F,TE,1,NE_TE_03,TE,1,MODELED
NE,Offense,TE_F,TE,2,NE_TE_02,TE,0,MODELED
NE,Offense,LT,OT,1,NE_OT_02,OT,1,MODELED
NE,Offense,LT,OT,2,NE_OT_03,OT,0,MODELED
NE,Offense,LG,OG,1,NE_OG_01,OG,1,MODELED
NE,Offense,LG,OG,2,NE_OG_02,OG,0,MODELED
NE,Offense,C,C,1,NE_C_01,C,1,MODELED
NE,Offense,C,C,2,NE_C_02,C,0,MODELED
NE,Offense,RG,OG,1,NE_OG_02,OG,1,MODELED
NE,Offense,RG,OG,2,NE_OG_04,OG,0,MODELED
NE,Offense,RT,OT,1,NE_OT_03,OT,1,MODELED
NE,Offense,RT,OT,2,NE_OT_01,OT,0,MODELED
NE,Defense,LDE,EDGE,1,NE_EDGE_01,EDGE,1,MODELED
NE,Defense,LDE,EDGE,2,NE_EDGE_02,EDGE,0,MODELED
NE,Defense,RDE,EDGE,1,NE_EDGE_02,EDGE,1,MODELED
NE,Defense,RDE,EDGE,2,NE_EDGE_04,EDGE,0,MODELED
NE,Defense,DT_3T,DT,1,NE_DT_01,DT,1,MODELED
NE,Defense,DT_3T,DT,2,NE_DT_02,DT,0,MODELED
NE,Defense,DT_1T,DT,1,NE_DT_02,DT,1,MODELED
NE,Defense,DT_1T,DT,2,NE_DT_03,DT,0,MODELED
NE,Defense,SAM,LB,1,NE_LB_01,LB,1,MODELED
NE,Defense,SAM,LB,2,NE_LB_04,LB,0,MODELED
NE,Defense,MIKE,LB,1,NE_LB_04,LB,1,MODELED
NE,Defense,MIKE,LB,2,NE_LB_02,LB,0,MODELED
NE,Defense,WILL,LB,1,NE_LB_02,LB,1,MODELED
NE,Defense,WILL,LB,2,NE_LB_03,LB,0,MODELED
NE,Defense,CB_1,CB,1,NE_CB_03,CB,1,MODELED
NE,Defense,CB_1,CB,2,NE_CB_04,CB,0,MODELED
NE,Defense,CB_2,CB,1,NE_CB_04,CB,1,MODELED
NE,Defense,CB_2,CB,2,NE_CB_01,CB,0,MODELED
NE,Defense,NICKEL,CB,1,NE_CB_01,CB,1,MODELED
NE,Defense,NICKEL,CB,2,NE_CB_02,CB,0,MODELED
NE,Defense,FS,S,1,NE_S_03,S,1,MODELED
NE,Defense,FS,S,2,NE_S_02,S,0,MODELED
NE,Defense,SS,S,1,NE_S_02,S,1,MODELED
NE,Defense,SS,S,2,NE_S_01,S,0,MODELED
NE,Special Teams,K,K,1,NE_K_01,K,1,MODELED
NE,Special Teams,P,P,1,NE_P_01,P,1,MODELED
NE,Special Teams,LS,LS,1,NE_LS_01,LS,1,MODELED
NE,Special Teams,KR,WR,1,NE_WR_06,WR,1,MODELED
NE,Special Teams,KR,WR,2,NE_WR_04,WR,0,MODELED
NE,Special Teams,PR,WR,1,NE_WR_04,WR,1,MODELED
NE,Special Teams,PR,WR,2,NE_WR_05,WR,0,MODELED
NE,Special Teams,GUNNER,S,1,NE_S_01,S,1,MODELED
NE,Special Teams,GUNNER,S,2,NE_S_04,S,0,MODELED
NYJ,Offense,QB,QB,1,NYJ_QB_01,QB,1,MODELED
NYJ,Offense,QB,QB,2,NYJ_QB_02,QB,0,MODELED
NYJ,Offense,RB,RB,1,NYJ_RB_03,RB,1,MODELED
NYJ,Offense,RB,RB,2,NYJ_RB_01,RB,0,MODELED
NYJ,Offense,RB,RB,3,NYJ_RB_02,RB,0,MODELED
NYJ,Offense,FB,FB,1,NYJ_FB_01,FB,1,MODELED
NYJ,Offense,WR_X,WR,1,NYJ_WR_02,WR,1,MODELED
NYJ,Offense,WR_X,WR,2,NYJ_WR_03,WR,0,MODELED
NYJ,Offense,WR_X,WR,3,NYJ_WR_01,WR,0,MODELED
NYJ,Offense,WR_Z,WR,1,NYJ_WR_03,WR,1,MODELED
NYJ,Offense,WR_Z,WR,2,NYJ_WR_01,WR,0,MODELED
NYJ,Offense,WR_Z,WR,3,NYJ_WR_06,WR,0,MODELED
NYJ,Offense,WR_SLOT,WR,1,NYJ_WR_01,WR,1,MODELED
NYJ,Offense,WR_SLOT,WR,2,NYJ_WR_06,WR,0,MODELED
NYJ,Offense,TE_Y,TE,1,NYJ_TE_01,TE,1,MODELED
NYJ,Offense,TE_Y,TE,2,NYJ_TE_03,TE,0,MODELED
NYJ,Offense,TE_F,TE,1,NYJ_TE_03,TE,1,MODELED
NYJ,Offense,TE_F,TE,2,NYJ_TE_02,TE,0,MODELED
NYJ,Offense,LT,OT,1,NYJ_OT_01,OT,1,MODELED
NYJ,Offense,LT,OT,2,NYJ_OT_04,OT,0,MODELED
NYJ,Offense,LG,OG,1,NYJ_OG_01,OG,1,MODELED
NYJ,Offense,LG,OG,2,NYJ_OG_02,OG,0,MODELED
NYJ,Offense,C,C,1,NYJ_C_01,C,1,MODELED
NYJ,Offense,C,C,2,NYJ_C_02,C,0,MODELED
NYJ,Offense,RG,OG,1,NYJ_OG_02,OG,1,MODELED
NYJ,Offense,RG,OG,2,NYJ_OG_04,OG,0,MODELED
NYJ,Offense,RT,OT,1,NYJ_OT_04,OT,1,MODELED
NYJ,Offense,RT,OT,2,NYJ_OT_02,OT,0,MODELED
NYJ,Defense,LDE,DT,1,NYJ_DT_02,DT,1,MODELED
NYJ,Defense,LDE,DT,2,NYJ_DT_01,DT,0,MODELED
NYJ,Defense,NT,DT,1,NYJ_DT_01,DT,1,MODELED
NYJ,Defense,NT,DT,2,NYJ_DT_03,DT,0,MODELED
NYJ,Defense,RDE,DT,1,NYJ_DT_03,DT,1,MODELED
NYJ,Defense,RDE,DT,2,NYJ_DT_05,DT,0,MODELED
NYJ,Defense,LOLB,EDGE,1,NYJ_EDGE_04,EDGE,1,MODELED
NYJ,Defense,LOLB,EDGE,2,NYJ_EDGE_01,EDGE,0,MODELED
NYJ,Defense,ROLB,EDGE,1,NYJ_EDGE_01,EDGE,1,MODELED
NYJ,Defense,ROLB,EDGE,2,NYJ_EDGE_02,EDGE,0,MODELED
NYJ,Defense,ILB_MIKE,LB,1,NYJ_LB_01,LB,1,MODELED
NYJ,Defense,ILB_MIKE,LB,2,NYJ_LB_02,LB,0,MODELED
NYJ,Defense,ILB_WILL,LB,1,NYJ_LB_02,LB,1,MODELED
NYJ,Defense,ILB_WILL,LB,2,NYJ_LB_04,LB,0,MODELED
NYJ,Defense,CB_1,CB,1,NYJ_CB_03,CB,1,MODELED
NYJ,Defense,CB_1,CB,2,NYJ_CB_02,CB,0,MODELED
NYJ,Defense,CB_2,CB,1,NYJ_CB_02,CB,1,MODELED
NYJ,Defense,CB_2,CB,2,NYJ_CB_01,CB,0,MODELED
NYJ,Defense,NICKEL,CB,1,NYJ_CB_01,CB,1,MODELED
NYJ,Defense,NICKEL,CB,2,NYJ_CB_04,CB,0,MODELED
NYJ,Defense,FS,S,1,NYJ_S_02,S,1,MODELED
NYJ,Defense,FS,S,2,NYJ_S_01,S,0,MODELED
NYJ,Defense,SS,S,1,NYJ_S_01,S,1,MODELED
NYJ,Defense,SS,S,2,NYJ_S_03,S,0,MODELED
NYJ,Special Teams,K,K,1,NYJ_K_01,K,1,MODELED
NYJ,Special Teams,P,P,1,NYJ_P_01,P,1,MODELED
NYJ,Special Teams,LS,LS,1,NYJ_LS_01,LS,1,MODELED
NYJ,Special Teams,KR,WR,1,NYJ_WR_06,WR,1,MODELED
NYJ,Special Teams,KR,WR,2,NYJ_WR_04,WR,0,MODELED
NYJ,Special Teams,PR,WR,1,NYJ_WR_04,WR,1,MODELED
NYJ,Special Teams,PR,WR,2,NYJ_WR_05,WR,0,MODELED
NYJ,Special Teams,GUNNER,S,1,NYJ_S_03,S,1,MODELED
NYJ,Special Teams,GUNNER,S,2,NYJ_S_04,S,0,MODELED
BAL,Offense,QB,QB,1,BAL_QB_01,QB,1,MODELED
BAL,Offense,QB,QB,2,BAL_QB_02,QB,0,MODELED
BAL,Offense,RB,RB,1,BAL_RB_01,RB,1,MODELED
BAL,Offense,RB,RB,2,BAL_RB_02,RB,0,MODELED
BAL,Offense,RB,RB,3,BAL_RB_03,RB,0,MODELED
BAL,Offense,FB,FB,1,BAL_FB_01,FB,1,MODELED
BAL,Offense,WR_X,WR,1,BAL_WR_03,WR,1,MODELED
BAL,Offense,WR_X,WR,2,BAL_WR_02,WR,0,MODELED
BAL,Offense,WR_X,WR,3,BAL_WR_01,WR,0,MODELED
BAL,Offense,WR_Z,WR,1,BAL_WR_02,WR,1,MODELED
BAL,Offense,WR_Z,WR,2,BAL_WR_01,WR,0,MODELED
BAL,Offense,WR_Z,WR,3,BAL_WR_04,WR,0,MODELED
BAL,Offense,WR_SLOT,WR,1,BAL_WR_01,WR,1,MODELED
BAL,Offense,WR_SLOT,WR,2,BAL_WR_04,WR,0,MODELED
BAL,Offense,TE_Y,TE,1,BAL_TE_01,TE,1,MODELED
BAL,Offense,TE_Y,TE,2,BAL_TE_03,TE,0,MODELED
BAL,Offense,TE_F,TE,1,BAL_TE_03,TE,1,MODELED
BAL,Offense,TE_F,TE,2,BAL_TE_02,TE,0,MODELED
BAL,Offense,LT,OT,1,BAL_OT_02,OT,1,MODELED
BAL,Offense,LT,OT,2,BAL_OT_01,OT,0,MODELED
BAL,Offense,LG,OG,1,BAL_OG_02,OG,1,MODELED
BAL,Offense,LG,OG,2,BAL_OG_01,OG,0,MODELED
BAL,Offense,C,C,1,BAL_C_01,C,1,MODELED
BAL,Offense,C,C,2,BAL_C_02,C,0,MODELED
BAL,Offense,RG,OG,1,BAL_OG_01,OG,1,MODELED
BAL,Offense,RG,OG,2,BAL_OG_03,OG,0,MODELED
BAL,Offense,RT,OT,1,BAL_OT_01,OT,1,MODELED
BAL,Offense,RT,OT,2,BAL_OT_04,OT,0,MODELED
BAL,Defense,LDE,DT,1,BAL_DT_01,DT,1,MODELED
BAL,Defense,LDE,DT,2,BAL_DT_02,DT,0,MODELED
BAL,Defense,NT,DT,1,BAL_DT_02,DT,1,MODELED
BAL,Defense,NT,DT,2,BAL_DT_03,DT,0,MODELED
BAL,Defense,RDE,DT,1,BAL_DT_03,DT,1,MODELED
BAL,Defense,RDE,DT,2,BAL_DT_04,DT,0,MODELED
BAL,Defense,LOLB,EDGE,1,BAL_EDGE_02,EDGE,1,MODELED
BAL,Defense,LOLB,EDGE,2,BAL_EDGE_01,EDGE,0,MODELED
BAL,Defense,ROLB,EDGE,1,BAL_EDGE_01,EDGE,1,MODELED
BAL,Defense,ROLB,EDGE,2,BAL_EDGE_03,EDGE,0,MODELED
BAL,Defense,ILB_MIKE,LB,1,BAL_LB_02,LB,1,MODELED
BAL,Defense,ILB_MIKE,LB,2,BAL_LB_01,LB,0,MODELED
BAL,Defense,ILB_WILL,LB,1,BAL_LB_01,LB,1,MODELED
BAL,Defense,ILB_WILL,LB,2,BAL_LB_03,LB,0,MODELED
BAL,Defense,CB_1,CB,1,BAL_CB_03,CB,1,MODELED
BAL,Defense,CB_1,CB,2,BAL_CB_01,CB,0,MODELED
BAL,Defense,CB_2,CB,1,BAL_CB_01,CB,1,MODELED
BAL,Defense,CB_2,CB,2,BAL_CB_02,CB,0,MODELED
BAL,Defense,NICKEL,CB,1,BAL_CB_02,CB,1,MODELED
BAL,Defense,NICKEL,CB,2,BAL_CB_06,CB,0,MODELED
BAL,Defense,FS,S,1,BAL_S_03,S,1,MODELED
BAL,Defense,FS,S,2,BAL_S_02,S,0,MODELED
BAL,Defense,SS,S,1,BAL_S_02,S,1,MODELED
BAL,Defense,SS,S,2,BAL_S_04,S,0,MODELED
BAL,Special Teams,K,K,1,BAL_K_01,K,1,MODELED
BAL,Special Teams,P,P,1,BAL_P_01,P,1,MODELED
BAL,Special Teams,LS,LS,1,BAL_LS_01,LS,1,MODELED
BAL,Special Teams,KR,WR,1,BAL_WR_04,WR,1,MODELED
BAL,Special Teams,KR,WR,2,BAL_WR_05,WR,0,MODELED
BAL,Special Teams,PR,WR,1,BAL_WR_05,WR,1,MODELED
BAL,Special Teams,PR,WR,2,BAL_WR_06,WR,0,MODELED
BAL,Special Teams,GUNNER,S,1,BAL_S_04,S,1,MODELED
BAL,Special Teams,GUNNER,S,2,BAL_S_01,S,0,MODELED
PIT,Offense,QB,QB,1,PIT_QB_01,QB,1,MODELED
PIT,Offense,QB,QB,2,PIT_QB_02,QB,0,MODELED
PIT,Offense,RB,RB,1,PIT_RB_01,RB,1,MODELED
PIT,Offense,RB,RB,2,PIT_RB_02,RB,0,MODELED
PIT,Offense,RB,RB,3,PIT_RB_03,RB,0,MODELED
PIT,Offense,FB,FB,1,PIT_FB_01,FB,1,MODELED
PIT,Offense,WR_X,WR,1,PIT_WR_01,WR,1,MODELED
PIT,Offense,WR_X,WR,2,PIT_WR_02,WR,0,MODELED
PIT,Offense,WR_X,WR,3,PIT_WR_03,WR,0,MODELED
PIT,Offense,WR_Z,WR,1,PIT_WR_02,WR,1,MODELED
PIT,Offense,WR_Z,WR,2,PIT_WR_03,WR,0,MODELED
PIT,Offense,WR_Z,WR,3,PIT_WR_04,WR,0,MODELED
PIT,Offense,WR_SLOT,WR,1,PIT_WR_03,WR,1,MODELED
PIT,Offense,WR_SLOT,WR,2,PIT_WR_04,WR,0,MODELED
PIT,Offense,TE_Y,TE,1,PIT_TE_01,TE,1,MODELED
PIT,Offense,TE_Y,TE,2,PIT_TE_02,TE,0,MODELED
PIT,Offense,TE_F,TE,1,PIT_TE_02,TE,1,MODELED
PIT,Offense,TE_F,TE,2,PIT_TE_03,TE,0,MODELED
PIT,Offense,LT,OT,1,PIT_OT_01,OT,1,MODELED
PIT,Offense,LT,OT,2,PIT_OT_02,OT,0,MODELED
PIT,Offense,LG,OG,1,PIT_OG_02,OG,1,MODELED
PIT,Offense,LG,OG,2,PIT_OG_01,OG,0,MODELED
PIT,Offense,C,C,1,PIT_C_01,C,1,MODELED
PIT,Offense,C,C,2,PIT_C_02,C,0,MODELED
PIT,Offense,RG,OG,1,PIT_OG_01,OG,1,MODELED
PIT,Offense,RG,OG,2,PIT_OG_04,OG,0,MODELED
PIT,Offense,RT,OT,1,PIT_OT_02,OT,1,MODELED
PIT,Offense,RT,OT,2,PIT_OT_03,OT,0,MODELED
PIT,Defense,LDE,DT,1,PIT_DT_02,DT,1,MODELED
PIT,Defense,LDE,DT,2,PIT_DT_01,DT,0,MODELED
PIT,Defense,NT,DT,1,PIT_DT_01,DT,1,MODELED
PIT,Defense,NT,DT,2,PIT_DT_05,DT,0,MODELED
PIT,Defense,RDE,DT,1,PIT_DT_05,DT,1,MODELED
PIT,Defense,RDE,DT,2,PIT_DT_04,DT,0,MODELED
PIT,Defense,LOLB,EDGE,1,PIT_EDGE_02,EDGE,1,MODELED
PIT,Defense,LOLB,EDGE,2,PIT_EDGE_01,EDGE,0,MODELED
PIT,Defense,ROLB,EDGE,1,PIT_EDGE_01,EDGE,1,MODELED
PIT,Defense,ROLB,EDGE,2,PIT_EDGE_05,EDGE,0,MODELED
PIT,Defense,ILB_MIKE,LB,1,PIT_LB_01,LB,1,MODELED
PIT,Defense,ILB_MIKE,LB,2,PIT_LB_04,LB,0,MODELED
PIT,Defense,ILB_WILL,LB,1,PIT_LB_04,LB,1,MODELED
PIT,Defense,ILB_WILL,LB,2,PIT_LB_02,LB,0,MODELED
PIT,Defense,CB_1,CB,1,PIT_CB_03,CB,1,MODELED
PIT,Defense,CB_1,CB,2,PIT_CB_02,CB,0,MODELED
PIT,Defense,CB_2,CB,1,PIT_CB_02,CB,1,MODELED
PIT,Defense,CB_2,CB,2,PIT_CB_01,CB,0,MODELED
PIT,Defense,NICKEL,CB,1,PIT_CB_01,CB,1,MODELED
PIT,Defense,NICKEL,CB,2,PIT_CB_05,CB,0,MODELED
PIT,Defense,FS,S,1,PIT_S_01,S,1,MODELED
PIT,Defense,FS,S,2,PIT_S_02,S,0,MODELED
PIT,Defense,SS,S,1,PIT_S_02,S,1,MODELED
PIT,Defense,SS,S,2,PIT_S_03,S,0,MODELED
PIT,Special Teams,K,K,1,PIT_K_01,K,1,MODELED
PIT,Special Teams,P,P,1,PIT_P_01,P,1,MODELED
PIT,Special Teams,LS,LS,1,PIT_LS_01,LS,1,MODELED
PIT,Special Teams,KR,WR,1,PIT_WR_04,WR,1,MODELED
PIT,Special Teams,KR,WR,2,PIT_WR_06,WR,0,MODELED
PIT,Special Teams,PR,WR,1,PIT_WR_06,WR,1,MODELED
PIT,Special Teams,PR,WR,2,PIT_WR_05,WR,0,MODELED
PIT,Special Teams,GUNNER,S,1,PIT_S_03,S,1,MODELED
PIT,Special Teams,GUNNER,S,2,PIT_S_04,S,0,MODELED
CLE,Offense,QB,QB,1,CLE_QB_01,QB,1,MODELED
CLE,Offense,QB,QB,2,CLE_QB_02,QB,0,MODELED
CLE,Offense,RB,RB,1,CLE_RB_01,RB,1,MODELED
CLE,Offense,RB,RB,2,CLE_RB_02,RB,0,MODELED
CLE,Offense,RB,RB,3,CLE_RB_03,RB,0,MODELED
CLE,Offense,FB,FB,1,CLE_FB_01,FB,1,MODELED
CLE,Offense,WR_X,WR,1,CLE_WR_03,WR,1,MODELED
CLE,Offense,WR_X,WR,2,CLE_WR_02,WR,0,MODELED
CLE,Offense,WR_X,WR,3,CLE_WR_01,WR,0,MODELED
CLE,Offense,WR_Z,WR,1,CLE_WR_02,WR,1,MODELED
CLE,Offense,WR_Z,WR,2,CLE_WR_01,WR,0,MODELED
CLE,Offense,WR_Z,WR,3,CLE_WR_06,WR,0,MODELED
CLE,Offense,WR_SLOT,WR,1,CLE_WR_01,WR,1,MODELED
CLE,Offense,WR_SLOT,WR,2,CLE_WR_06,WR,0,MODELED
CLE,Offense,TE_Y,TE,1,CLE_TE_01,TE,1,MODELED
CLE,Offense,TE_Y,TE,2,CLE_TE_02,TE,0,MODELED
CLE,Offense,TE_F,TE,1,CLE_TE_02,TE,1,MODELED
CLE,Offense,TE_F,TE,2,CLE_TE_03,TE,0,MODELED
CLE,Offense,LT,OT,1,CLE_OT_01,OT,1,MODELED
CLE,Offense,LT,OT,2,CLE_OT_02,OT,0,MODELED
CLE,Offense,LG,OG,1,CLE_OG_02,OG,1,MODELED
CLE,Offense,LG,OG,2,CLE_OG_03,OG,0,MODELED
CLE,Offense,C,C,1,CLE_C_01,C,1,MODELED
CLE,Offense,C,C,2,CLE_C_02,C,0,MODELED
CLE,Offense,RG,OG,1,CLE_OG_03,OG,1,MODELED
CLE,Offense,RG,OG,2,CLE_OG_01,OG,0,MODELED
CLE,Offense,RT,OT,1,CLE_OT_02,OT,1,MODELED
CLE,Offense,RT,OT,2,CLE_OT_04,OT,0,MODELED
CLE,Defense,LDE,DT,1,CLE_DT_04,DT,1,MODELED
CLE,Defense,LDE,DT,2,CLE_DT_01,DT,0,MODELED
CLE,Defense,NT,DT,1,CLE_DT_01,DT,1,MODELED
CLE,Defense,NT,DT,2,CLE_DT_02,DT,0,MODELED
CLE,Defense,RDE,DT,1,CLE_DT_02,DT,1,MODELED
CLE,Defense,RDE,DT,2,CLE_DT_03,DT,0,MODELED
CLE,Defense,LOLB,EDGE,1,CLE_EDGE_01,EDGE,1,MODELED
CLE,Defense,LOLB,EDGE,2,CLE_EDGE_02,EDGE,0,MODELED
CLE,Defense,ROLB,EDGE,1,CLE_EDGE_02,EDGE,1,MODELED
CLE,Defense,ROLB,EDGE,2,CLE_EDGE_03,EDGE,0,MODELED
CLE,Defense,ILB_MIKE,LB,1,CLE_LB_02,LB,1,MODELED
CLE,Defense,ILB_MIKE,LB,2,CLE_LB_04,LB,0,MODELED
CLE,Defense,ILB_WILL,LB,1,CLE_LB_04,LB,1,MODELED
CLE,Defense,ILB_WILL,LB,2,CLE_LB_03,LB,0,MODELED
CLE,Defense,CB_1,CB,1,CLE_CB_02,CB,1,MODELED
CLE,Defense,CB_1,CB,2,CLE_CB_01,CB,0,MODELED
CLE,Defense,CB_2,CB,1,CLE_CB_01,CB,1,MODELED
CLE,Defense,CB_2,CB,2,CLE_CB_03,CB,0,MODELED
CLE,Defense,NICKEL,CB,1,CLE_CB_03,CB,1,MODELED
CLE,Defense,NICKEL,CB,2,CLE_CB_05,CB,0,MODELED
CLE,Defense,FS,S,1,CLE_S_02,S,1,MODELED
CLE,Defense,FS,S,2,CLE_S_01,S,0,MODELED
CLE,Defense,SS,S,1,CLE_S_01,S,1,MODELED
CLE,Defense,SS,S,2,CLE_S_03,S,0,MODELED
CLE,Special Teams,K,K,1,CLE_K_01,K,1,MODELED
CLE,Special Teams,P,P,1,CLE_P_01,P,1,MODELED
CLE,Special Teams,LS,LS,1,CLE_LS_01,LS,1,MODELED
CLE,Special Teams,KR,WR,1,CLE_WR_06,WR,1,MODELED
CLE,Special Teams,KR,WR,2,CLE_WR_04,WR,0,MODELED
CLE,Special Teams,PR,WR,1,CLE_WR_04,WR,1,MODELED
CLE,Special Teams,PR,WR,2,CLE_WR_05,WR,0,MODELED
CLE,Special Teams,GUNNER,S,1,CLE_S_03,S,1,MODELED
CLE,Special Teams,GUNNER,S,2,CLE_S_04,S,0,MODELED
CIN,Offense,QB,QB,1,CIN_QB_01,QB,1,MODELED
CIN,Offense,QB,QB,2,CIN_QB_02,QB,0,MODELED
CIN,Offense,RB,RB,1,CIN_RB_01,RB,1,MODELED
CIN,Offense,RB,RB,2,CIN_RB_02,RB,0,MODELED
CIN,Offense,RB,RB,3,CIN_RB_03,RB,0,MODELED
CIN,Offense,FB,FB,1,CIN_FB_01,FB,1,MODELED
CIN,Offense,WR_X,WR,1,CIN_WR_01,WR,1,MODELED
CIN,Offense,WR_X,WR,2,CIN_WR_04,WR,0,MODELED
CIN,Offense,WR_X,WR,3,CIN_WR_02,WR,0,MODELED
CIN,Offense,WR_Z,WR,1,CIN_WR_04,WR,1,MODELED
CIN,Offense,WR_Z,WR,2,CIN_WR_02,WR,0,MODELED
CIN,Offense,WR_Z,WR,3,CIN_WR_03,WR,0,MODELED
CIN,Offense,WR_SLOT,WR,1,CIN_WR_02,WR,1,MODELED
CIN,Offense,WR_SLOT,WR,2,CIN_WR_03,WR,0,MODELED
CIN,Offense,TE_Y,TE,1,CIN_TE_01,TE,1,MODELED
CIN,Offense,TE_Y,TE,2,CIN_TE_03,TE,0,MODELED
CIN,Offense,TE_F,TE,1,CIN_TE_03,TE,1,MODELED
CIN,Offense,TE_F,TE,2,CIN_TE_02,TE,0,MODELED
CIN,Offense,LT,OT,1,CIN_OT_01,OT,1,MODELED
CIN,Offense,LT,OT,2,CIN_OT_03,OT,0,MODELED
CIN,Offense,LG,OG,1,CIN_OG_02,OG,1,MODELED
CIN,Offense,LG,OG,2,CIN_OG_03,OG,0,MODELED
CIN,Offense,C,C,1,CIN_C_01,C,1,MODELED
CIN,Offense,C,C,2,CIN_C_02,C,0,MODELED
CIN,Offense,RG,OG,1,CIN_OG_03,OG,1,MODELED
CIN,Offense,RG,OG,2,CIN_OG_01,OG,0,MODELED
CIN,Offense,RT,OT,1,CIN_OT_03,OT,1,MODELED
CIN,Offense,RT,OT,2,CIN_OT_02,OT,0,MODELED
CIN,Defense,LDE,DT,1,CIN_DT_01,DT,1,MODELED
CIN,Defense,LDE,DT,2,CIN_DT_02,DT,0,MODELED
CIN,Defense,NT,DT,1,CIN_DT_02,DT,1,MODELED
CIN,Defense,NT,DT,2,CIN_DT_04,DT,0,MODELED
CIN,Defense,RDE,DT,1,CIN_DT_04,DT,1,MODELED
CIN,Defense,RDE,DT,2,CIN_DT_03,DT,0,MODELED
CIN,Defense,LOLB,EDGE,1,CIN_EDGE_02,EDGE,1,MODELED
CIN,Defense,LOLB,EDGE,2,CIN_EDGE_01,EDGE,0,MODELED
CIN,Defense,ROLB,EDGE,1,CIN_EDGE_01,EDGE,1,MODELED
CIN,Defense,ROLB,EDGE,2,CIN_EDGE_04,EDGE,0,MODELED
CIN,Defense,ILB_MIKE,LB,1,CIN_LB_01,LB,1,MODELED
CIN,Defense,ILB_MIKE,LB,2,CIN_LB_02,LB,0,MODELED
CIN,Defense,ILB_WILL,LB,1,CIN_LB_02,LB,1,MODELED
CIN,Defense,ILB_WILL,LB,2,CIN_LB_03,LB,0,MODELED
CIN,Defense,CB_1,CB,1,CIN_CB_03,CB,1,MODELED
CIN,Defense,CB_1,CB,2,CIN_CB_02,CB,0,MODELED
CIN,Defense,CB_2,CB,1,CIN_CB_02,CB,1,MODELED
CIN,Defense,CB_2,CB,2,CIN_CB_01,CB,0,MODELED
CIN,Defense,NICKEL,CB,1,CIN_CB_01,CB,1,MODELED
CIN,Defense,NICKEL,CB,2,CIN_CB_06,CB,0,MODELED
CIN,Defense,FS,S,1,CIN_S_01,S,1,MODELED
CIN,Defense,FS,S,2,CIN_S_02,S,0,MODELED
CIN,Defense,SS,S,1,CIN_S_02,S,1,MODELED
CIN,Defense,SS,S,2,CIN_S_04,S,0,MODELED
CIN,Special Teams,K,K,1,CIN_K_01,K,1,MODELED
CIN,Special Teams,P,P,1,CIN_P_01,P,1,MODELED
CIN,Special Teams,LS,LS,1,CIN_LS_01,LS,1,MODELED
CIN,Special Teams,KR,WR,1,CIN_WR_03,WR,1,MODELED
CIN,Special Teams,KR,WR,2,CIN_WR_05,WR,0,MODELED
CIN,Special Teams,PR,WR,1,CIN_WR_05,WR,1,MODELED
CIN,Special Teams,PR,WR,2,CIN_WR_06,WR,0,MODELED
CIN,Special Teams,GUNNER,S,1,CIN_S_04,S,1,MODELED
CIN,Special Teams,GUNNER,S,2,CIN_S_03,S,0,MODELED
HOU,Offense,QB,QB,1,HOU_QB_01,QB,1,MODELED
HOU,Offense,QB,QB,2,HOU_QB_02,QB,0,MODELED
HOU,Offense,RB,RB,1,HOU_RB_01,RB,1,MODELED
HOU,Offense,RB,RB,2,HOU_RB_02,RB,0,MODELED
HOU,Offense,RB,RB,3,HOU_RB_03,RB,0,MODELED
HOU,Offense,FB,FB,1,HOU_FB_01,FB,1,MODELED
HOU,Offense,WR_X,WR,1,HOU_WR_01,WR,1,MODELED
HOU,Offense,WR_X,WR,2,HOU_WR_02,WR,0,MODELED
HOU,Offense,WR_X,WR,3,HOU_WR_04,WR,0,MODELED
HOU,Offense,WR_Z,WR,1,HOU_WR_02,WR,1,MODELED
HOU,Offense,WR_Z,WR,2,HOU_WR_04,WR,0,MODELED
HOU,Offense,WR_Z,WR,3,HOU_WR_03,WR,0,MODELED
HOU,Offense,WR_SLOT,WR,1,HOU_WR_04,WR,1,MODELED
HOU,Offense,WR_SLOT,WR,2,HOU_WR_03,WR,0,MODELED
HOU,Offense,TE_Y,TE,1,HOU_TE_03,TE,1,MODELED
HOU,Offense,TE_Y,TE,2,HOU_TE_02,TE,0,MODELED
HOU,Offense,TE_F,TE,1,HOU_TE_02,TE,1,MODELED
HOU,Offense,TE_F,TE,2,HOU_TE_01,TE,0,MODELED
HOU,Offense,LT,OT,1,HOU_OT_01,OT,1,MODELED
HOU,Offense,LT,OT,2,HOU_OT_02,OT,0,MODELED
HOU,Offense,LG,OG,1,HOU_OG_01,OG,1,MODELED
HOU,Offense,LG,OG,2,HOU_OG_02,OG,0,MODELED
HOU,Offense,C,C,1,HOU_C_01,C,1,MODELED
HOU,Offense,C,C,2,HOU_C_02,C,0,MODELED
HOU,Offense,RG,OG,1,HOU_OG_02,OG,1,MODELED
HOU,Offense,RG,OG,2,HOU_OG_03,OG,0,MODELED
HOU,Offense,RT,OT,1,HOU_OT_02,OT,1,MODELED
HOU,Offense,RT,OT,2,HOU_OT_04,OT,0,MODELED
HOU,Defense,LDE,DT,1,HOU_DT_01,DT,1,MODELED
HOU,Defense,LDE,DT,2,HOU_DT_02,DT,0,MODELED
HOU,Defense,NT,DT,1,HOU_DT_02,DT,1,MODELED
HOU,Defense,NT,DT,2,HOU_DT_03,DT,0,MODELED
HOU,Defense,RDE,DT,1,HOU_DT_03,DT,1,MODELED
HOU,Defense,RDE,DT,2,HOU_DT_05,DT,0,MODELED
HOU,Defense,LOLB,EDGE,1,HOU_EDGE_01,EDGE,1,MODELED
HOU,Defense,LOLB,EDGE,2,HOU_EDGE_04,EDGE,0,MODELED
HOU,Defense,ROLB,EDGE,1,HOU_EDGE_04,EDGE,1,MODELED
HOU,Defense,ROLB,EDGE,2,HOU_EDGE_02,EDGE,0,MODELED
HOU,Defense,ILB_MIKE,LB,1,HOU_LB_03,LB,1,MODELED
HOU,Defense,ILB_MIKE,LB,2,HOU_LB_01,LB,0,MODELED
HOU,Defense,ILB_WILL,LB,1,HOU_LB_01,LB,1,MODELED
HOU,Defense,ILB_WILL,LB,2,HOU_LB_02,LB,0,MODELED
HOU,Defense,CB_1,CB,1,HOU_CB_03,CB,1,MODELED
HOU,Defense,CB_1,CB,2,HOU_CB_02,CB,0,MODELED
HOU,Defense,CB_2,CB,1,HOU_CB_02,CB,1,MODELED
HOU,Defense,CB_2,CB,2,HOU_CB_05,CB,0,MODELED
HOU,Defense,NICKEL,CB,1,HOU_CB_05,CB,1,MODELED
HOU,Defense,NICKEL,CB,2,HOU_CB_01,CB,0,MODELED
HOU,Defense,FS,S,1,HOU_S_01,S,1,MODELED
HOU,Defense,FS,S,2,HOU_S_03,S,0,MODELED
HOU,Defense,SS,S,1,HOU_S_03,S,1,MODELED
HOU,Defense,SS,S,2,HOU_S_02,S,0,MODELED
HOU,Special Teams,K,K,1,HOU_K_01,K,1,MODELED
HOU,Special Teams,P,P,1,HOU_P_01,P,1,MODELED
HOU,Special Teams,LS,LS,1,HOU_LS_01,LS,1,MODELED
HOU,Special Teams,KR,WR,1,HOU_WR_03,WR,1,MODELED
HOU,Special Teams,KR,WR,2,HOU_WR_05,WR,0,MODELED
HOU,Special Teams,PR,WR,1,HOU_WR_05,WR,1,MODELED
HOU,Special Teams,PR,WR,2,HOU_WR_06,WR,0,MODELED
HOU,Special Teams,GUNNER,S,1,HOU_S_02,S,1,MODELED
HOU,Special Teams,GUNNER,S,2,HOU_S_04,S,0,MODELED
IND,Offense,QB,QB,1,IND_QB_01,QB,1,MODELED
IND,Offense,QB,QB,2,IND_QB_02,QB,0,MODELED
IND,Offense,RB,RB,1,IND_RB_01,RB,1,MODELED
IND,Offense,RB,RB,2,IND_RB_02,RB,0,MODELED
IND,Offense,RB,RB,3,IND_RB_03,RB,0,MODELED
IND,Offense,FB,FB,1,IND_FB_01,FB,1,MODELED
IND,Offense,WR_X,WR,1,IND_WR_03,WR,1,MODELED
IND,Offense,WR_X,WR,2,IND_WR_02,WR,0,MODELED
IND,Offense,WR_X,WR,3,IND_WR_01,WR,0,MODELED
IND,Offense,WR_Z,WR,1,IND_WR_02,WR,1,MODELED
IND,Offense,WR_Z,WR,2,IND_WR_01,WR,0,MODELED
IND,Offense,WR_Z,WR,3,IND_WR_04,WR,0,MODELED
IND,Offense,WR_SLOT,WR,1,IND_WR_01,WR,1,MODELED
IND,Offense,WR_SLOT,WR,2,IND_WR_04,WR,0,MODELED
IND,Offense,TE_Y,TE,1,IND_TE_01,TE,1,MODELED
IND,Offense,TE_Y,TE,2,IND_TE_02,TE,0,MODELED
IND,Offense,TE_F,TE,1,IND_TE_02,TE,1,MODELED
IND,Offense,TE_F,TE,2,IND_TE_03,TE,0,MODELED
IND,Offense,LT,OT,1,IND_OT_01,OT,1,MODELED
IND,Offense,LT,OT,2,IND_OT_02,OT,0,MODELED
IND,Offense,LG,OG,1,IND_OG_01,OG,1,MODELED
IND,Offense,LG,OG,2,IND_OG_02,OG,0,MODELED
IND,Offense,C,C,1,IND_C_01,C,1,MODELED
IND,Offense,C,C,2,IND_C_02,C,0,MODELED
IND,Offense,RG,OG,1,IND_OG_02,OG,1,MODELED
IND,Offense,RG,OG,2,IND_OG_03,OG,0,MODELED
IND,Offense,RT,OT,1,IND_OT_02,OT,1,MODELED
IND,Offense,RT,OT,2,IND_OT_03,OT,0,MODELED
IND,Defense,LDE,EDGE,1,IND_EDGE_02,EDGE,1,MODELED
IND,Defense,LDE,EDGE,2,IND_EDGE_01,EDGE,0,MODELED
IND,Defense,RDE,EDGE,1,IND_EDGE_01,EDGE,1,MODELED
IND,Defense,RDE,EDGE,2,IND_EDGE_03,EDGE,0,MODELED
IND,Defense,DT_3T,DT,1,IND_DT_01,DT,1,MODELED
IND,Defense,DT_3T,DT,2,IND_DT_02,DT,0,MODELED
IND,Defense,DT_1T,DT,1,IND_DT_02,DT,1,MODELED
IND,Defense,DT_1T,DT,2,IND_DT_04,DT,0,MODELED
IND,Defense,SAM,LB,1,IND_LB_01,LB,1,MODELED
IND,Defense,SAM,LB,2,IND_LB_02,LB,0,MODELED
IND,Defense,MIKE,LB,1,IND_LB_02,LB,1,MODELED
IND,Defense,MIKE,LB,2,IND_LB_03,LB,0,MODELED
IND,Defense,WILL,LB,1,IND_LB_03,LB,1,MODELED
IND,Defense,WILL,LB,2,IND_LB_05,LB,0,MODELED
IND,Defense,CB_1,CB,1,IND_CB_01,CB,1,MODELED
IND,Defense,CB_1,CB,2,IND_CB_02,CB,0,MODELED
IND,Defense,CB_2,CB,1,IND_CB_02,CB,1,MODELED
IND,Defense,CB_2,CB,2,IND_CB_03,CB,0,MODELED
IND,Defense,NICKEL,CB,1,IND_CB_03,CB,1,MODELED
IND,Defense,NICKEL,CB,2,IND_CB_06,CB,0,MODELED
IND,Defense,FS,S,1,IND_S_01,S,1,MODELED
IND,Defense,FS,S,2,IND_S_02,S,0,MODELED
IND,Defense,SS,S,1,IND_S_02,S,1,MODELED
IND,Defense,SS,S,2,IND_S_03,S,0,MODELED
IND,Special Teams,K,K,1,IND_K_01,K,1,MODELED
IND,Special Teams,P,P,1,IND_P_01,P,1,MODELED
IND,Special Teams,LS,LS,1,IND_LS_01,LS,1,MODELED
IND,Special Teams,KR,WR,1,IND_WR_04,WR,1,MODELED
IND,Special Teams,KR,WR,2,IND_WR_05,WR,0,MODELED
IND,Special Teams,PR,WR,1,IND_WR_05,WR,1,MODELED
IND,Special Teams,PR,WR,2,IND_WR_06,WR,0,MODELED
IND,Special Teams,GUNNER,S,1,IND_S_03,S,1,MODELED
IND,Special Teams,GUNNER,S,2,IND_S_04,S,0,MODELED
JAX,Offense,QB,QB,1,JAX_QB_01,QB,1,MODELED
JAX,Offense,QB,QB,2,JAX_QB_02,QB,0,MODELED
JAX,Offense,RB,RB,1,JAX_RB_01,RB,1,MODELED
JAX,Offense,RB,RB,2,JAX_RB_03,RB,0,MODELED
JAX,Offense,RB,RB,3,JAX_RB_02,RB,0,MODELED
JAX,Offense,FB,FB,1,JAX_FB_01,FB,1,MODELED
JAX,Offense,WR_X,WR,1,JAX_WR_03,WR,1,MODELED
JAX,Offense,WR_X,WR,2,JAX_WR_01,WR,0,MODELED
JAX,Offense,WR_X,WR,3,JAX_WR_02,WR,0,MODELED
JAX,Offense,WR_Z,WR,1,JAX_WR_01,WR,1,MODELED
JAX,Offense,WR_Z,WR,2,JAX_WR_02,WR,0,MODELED
JAX,Offense,WR_Z,WR,3,JAX_WR_04,WR,0,MODELED
JAX,Offense,WR_SLOT,WR,1,JAX_WR_02,WR,1,MODELED
JAX,Offense,WR_SLOT,WR,2,JAX_WR_04,WR,0,MODELED
JAX,Offense,TE_Y,TE,1,JAX_TE_02,TE,1,MODELED
JAX,Offense,TE_Y,TE,2,JAX_TE_01,TE,0,MODELED
JAX,Offense,TE_F,TE,1,JAX_TE_01,TE,1,MODELED
JAX,Offense,TE_F,TE,2,JAX_TE_03,TE,0,MODELED
JAX,Offense,LT,OT,1,JAX_OT_02,OT,1,MODELED
JAX,Offense,LT,OT,2,JAX_OT_01,OT,0,MODELED
JAX,Offense,LG,OG,1,JAX_OG_01,OG,1,MODELED
JAX,Offense,LG,OG,2,JAX_OG_02,OG,0,MODELED
JAX,Offense,C,C,1,JAX_C_02,C,1,MODELED
JAX,Offense,C,C,2,JAX_C_01,C,0,MODELED
JAX,Offense,RG,OG,1,JAX_OG_02,OG,1,MODELED
JAX,Offense,RG,OG,2,JAX_OG_03,OG,0,MODELED
JAX,Offense,RT,OT,1,JAX_OT_01,OT,1,MODELED
JAX,Offense,RT,OT,2,JAX_OT_04,OT,0,MODELED
JAX,Defense,LDE,DT,1,JAX_DT_02,DT,1,MODELED
JAX,Defense,LDE,DT,2,JAX_DT_01,DT,0,MODELED
JAX,Defense,NT,DT,1,JAX_DT_01,DT,1,MODELED
JAX,Defense,NT,DT,2,JAX_DT_04,DT,0,MODELED
JAX,Defense,RDE,DT,1,JAX_DT_04,DT,1,MODELED
JAX,Defense,RDE,DT,2,JAX_DT_05,DT,0,MODELED
JAX,Defense,LOLB,EDGE,1,JAX_EDGE_02,EDGE,1,MODELED
JAX,Defense,LOLB,EDGE,2,JAX_EDGE_01,EDGE,0,MODELED
JAX,Defense,ROLB,EDGE,1,JAX_EDGE_01,EDGE,1,MODELED
JAX,Defense,ROLB,EDGE,2,JAX_EDGE_03,EDGE,0,MODELED
JAX,Defense,ILB_MIKE,LB,1,JAX_LB_02,LB,1,MODELED
JAX,Defense,ILB_MIKE,LB,2,JAX_LB_01,LB,0,MODELED
JAX,Defense,ILB_WILL,LB,1,JAX_LB_01,LB,1,MODELED
JAX,Defense,ILB_WILL,LB,2,JAX_LB_05,LB,0,MODELED
JAX,Defense,CB_1,CB,1,JAX_CB_03,CB,1,MODELED
JAX,Defense,CB_1,CB,2,JAX_CB_02,CB,0,MODELED
JAX,Defense,CB_2,CB,1,JAX_CB_02,CB,1,MODELED
JAX,Defense,CB_2,CB,2,JAX_CB_01,CB,0,MODELED
JAX,Defense,NICKEL,CB,1,JAX_CB_01,CB,1,MODELED
JAX,Defense,NICKEL,CB,2,JAX_CB_06,CB,0,MODELED
JAX,Defense,FS,S,1,JAX_S_02,S,1,MODELED
JAX,Defense,FS,S,2,JAX_S_01,S,0,MODELED
JAX,Defense,SS,S,1,JAX_S_01,S,1,MODELED
JAX,Defense,SS,S,2,JAX_S_04,S,0,MODELED
JAX,Special Teams,K,K,1,JAX_K_01,K,1,MODELED
JAX,Special Teams,P,P,1,JAX_P_01,P,1,MODELED
JAX,Special Teams,LS,LS,1,JAX_LS_01,LS,1,MODELED
JAX,Special Teams,KR,WR,1,JAX_WR_04,WR,1,MODELED
JAX,Special Teams,KR,WR,2,JAX_WR_05,WR,0,MODELED
JAX,Special Teams,PR,WR,1,JAX_WR_05,WR,1,MODELED
JAX,Special Teams,PR,WR,2,JAX_WR_06,WR,0,MODELED
JAX,Special Teams,GUNNER,S,1,JAX_S_04,S,1,MODELED
JAX,Special Teams,GUNNER,S,2,JAX_S_03,S,0,MODELED
TEN,Offense,QB,QB,1,TEN_QB_01,QB,1,MODELED
TEN,Offense,QB,QB,2,TEN_QB_02,QB,0,MODELED
TEN,Offense,RB,RB,1,TEN_RB_01,RB,1,MODELED
TEN,Offense,RB,RB,2,TEN_RB_02,RB,0,MODELED
TEN,Offense,RB,RB,3,TEN_RB_03,RB,0,MODELED
TEN,Offense,FB,FB,1,TEN_FB_01,FB,1,MODELED
TEN,Offense,WR_X,WR,1,TEN_WR_01,WR,1,MODELED
TEN,Offense,WR_X,WR,2,TEN_WR_03,WR,0,MODELED
TEN,Offense,WR_X,WR,3,TEN_WR_02,WR,0,MODELED
TEN,Offense,WR_Z,WR,1,TEN_WR_03,WR,1,MODELED
TEN,Offense,WR_Z,WR,2,TEN_WR_02,WR,0,MODELED
TEN,Offense,WR_Z,WR,3,TEN_WR_05,WR,0,MODELED
TEN,Offense,WR_SLOT,WR,1,TEN_WR_02,WR,1,MODELED
TEN,Offense,WR_SLOT,WR,2,TEN_WR_05,WR,0,MODELED
TEN,Offense,TE_Y,TE,1,TEN_TE_03,TE,1,MODELED
TEN,Offense,TE_Y,TE,2,TEN_TE_01,TE,0,MODELED
TEN,Offense,TE_F,TE,1,TEN_TE_01,TE,1,MODELED
TEN,Offense,TE_F,TE,2,TEN_TE_02,TE,0,MODELED
TEN,Offense,LT,OT,1,TEN_OT_01,OT,1,MODELED
TEN,Offense,LT,OT,2,TEN_OT_04,OT,0,MODELED
TEN,Offense,LG,OG,1,TEN_OG_04,OG,1,MODELED
TEN,Offense,LG,OG,2,TEN_OG_01,OG,0,MODELED
TEN,Offense,C,C,1,TEN_C_01,C,1,MODELED
TEN,Offense,C,C,2,TEN_C_02,C,0,MODELED
TEN,Offense,RG,OG,1,TEN_OG_01,OG,1,MODELED
TEN,Offense,RG,OG,2,TEN_OG_02,OG,0,MODELED
TEN,Offense,RT,OT,1,TEN_OT_04,OT,1,MODELED
TEN,Offense,RT,OT,2,TEN_OT_02,OT,0,MODELED
TEN,Defense,LDE,EDGE,1,TEN_EDGE_02,EDGE,1,MODELED
TEN,Defense,LDE,EDGE,2,TEN_EDGE_01,EDGE,0,MODELED
TEN,Defense,RDE,EDGE,1,TEN_EDGE_01,EDGE,1,MODELED
TEN,Defense,RDE,EDGE,2,TEN_EDGE_03,EDGE,0,MODELED
TEN,Defense,DT_3T,DT,1,TEN_DT_02,DT,1,MODELED
TEN,Defense,DT_3T,DT,2,TEN_DT_01,DT,0,MODELED
TEN,Defense,DT_1T,DT,1,TEN_DT_01,DT,1,MODELED
TEN,Defense,DT_1T,DT,2,TEN_DT_04,DT,0,MODELED
TEN,Defense,SAM,LB,1,TEN_LB_01,LB,1,MODELED
TEN,Defense,SAM,LB,2,TEN_LB_04,LB,0,MODELED
TEN,Defense,MIKE,LB,1,TEN_LB_04,LB,1,MODELED
TEN,Defense,MIKE,LB,2,TEN_LB_02,LB,0,MODELED
TEN,Defense,WILL,LB,1,TEN_LB_02,LB,1,MODELED
TEN,Defense,WILL,LB,2,TEN_LB_03,LB,0,MODELED
TEN,Defense,CB_1,CB,1,TEN_CB_03,CB,1,MODELED
TEN,Defense,CB_1,CB,2,TEN_CB_02,CB,0,MODELED
TEN,Defense,CB_2,CB,1,TEN_CB_02,CB,1,MODELED
TEN,Defense,CB_2,CB,2,TEN_CB_01,CB,0,MODELED
TEN,Defense,NICKEL,CB,1,TEN_CB_01,CB,1,MODELED
TEN,Defense,NICKEL,CB,2,TEN_CB_06,CB,0,MODELED
TEN,Defense,FS,S,1,TEN_S_01,S,1,MODELED
TEN,Defense,FS,S,2,TEN_S_02,S,0,MODELED
TEN,Defense,SS,S,1,TEN_S_02,S,1,MODELED
TEN,Defense,SS,S,2,TEN_S_03,S,0,MODELED
TEN,Special Teams,K,K,1,TEN_K_01,K,1,MODELED
TEN,Special Teams,P,P,1,TEN_P_01,P,1,MODELED
TEN,Special Teams,LS,LS,1,TEN_LS_01,LS,1,MODELED
TEN,Special Teams,KR,WR,1,TEN_WR_05,WR,1,MODELED
TEN,Special Teams,KR,WR,2,TEN_WR_04,WR,0,MODELED
TEN,Special Teams,PR,WR,1,TEN_WR_04,WR,1,MODELED
TEN,Special Teams,PR,WR,2,TEN_WR_06,WR,0,MODELED
TEN,Special Teams,GUNNER,S,1,TEN_S_03,S,1,MODELED
TEN,Special Teams,GUNNER,S,2,TEN_S_04,S,0,MODELED
DEN,Offense,QB,QB,1,DEN_QB_01,QB,1,MODELED
DEN,Offense,QB,QB,2,DEN_QB_02,QB,0,MODELED
DEN,Offense,RB,RB,1,DEN_RB_01,RB,1,MODELED
DEN,Offense,RB,RB,2,DEN_RB_02,RB,0,MODELED
DEN,Offense,RB,RB,3,DEN_RB_03,RB,0,MODELED
DEN,Offense,FB,FB,1,DEN_FB_01,FB,1,MODELED
DEN,Offense,WR_X,WR,1,DEN_WR_01,WR,1,MODELED
DEN,Offense,WR_X,WR,2,DEN_WR_02,WR,0,MODELED
DEN,Offense,WR_X,WR,3,DEN_WR_03,WR,0,MODELED
DEN,Offense,WR_Z,WR,1,DEN_WR_02,WR,1,MODELED
DEN,Offense,WR_Z,WR,2,DEN_WR_03,WR,0,MODELED
DEN,Offense,WR_Z,WR,3,DEN_WR_04,WR,0,MODELED
DEN,Offense,WR_SLOT,WR,1,DEN_WR_03,WR,1,MODELED
DEN,Offense,WR_SLOT,WR,2,DEN_WR_04,WR,0,MODELED
DEN,Offense,TE_Y,TE,1,DEN_TE_01,TE,1,MODELED
DEN,Offense,TE_Y,TE,2,DEN_TE_02,TE,0,MODELED
DEN,Offense,TE_F,TE,1,DEN_TE_02,TE,1,MODELED
DEN,Offense,TE_F,TE,2,DEN_TE_03,TE,0,MODELED
DEN,Offense,LT,OT,1,DEN_OT_02,OT,1,MODELED
DEN,Offense,LT,OT,2,DEN_OT_01,OT,0,MODELED
DEN,Offense,LG,OG,1,DEN_OG_02,OG,1,MODELED
DEN,Offense,LG,OG,2,DEN_OG_01,OG,0,MODELED
DEN,Offense,C,C,1,DEN_C_01,C,1,MODELED
DEN,Offense,C,C,2,DEN_C_02,C,0,MODELED
DEN,Offense,RG,OG,1,DEN_OG_01,OG,1,MODELED
DEN,Offense,RG,OG,2,DEN_OG_04,OG,0,MODELED
DEN,Offense,RT,OT,1,DEN_OT_01,OT,1,MODELED
DEN,Offense,RT,OT,2,DEN_OT_03,OT,0,MODELED
DEN,Defense,LDE,DT,1,DEN_DT_02,DT,1,MODELED
DEN,Defense,LDE,DT,2,DEN_DT_01,DT,0,MODELED
DEN,Defense,NT,DT,1,DEN_DT_01,DT,1,MODELED
DEN,Defense,NT,DT,2,DEN_DT_04,DT,0,MODELED
DEN,Defense,RDE,DT,1,DEN_DT_04,DT,1,MODELED
DEN,Defense,RDE,DT,2,DEN_DT_03,DT,0,MODELED
DEN,Defense,LOLB,EDGE,1,DEN_EDGE_01,EDGE,1,MODELED
DEN,Defense,LOLB,EDGE,2,DEN_EDGE_02,EDGE,0,MODELED
DEN,Defense,ROLB,EDGE,1,DEN_EDGE_02,EDGE,1,MODELED
DEN,Defense,ROLB,EDGE,2,DEN_EDGE_04,EDGE,0,MODELED
DEN,Defense,ILB_MIKE,LB,1,DEN_LB_04,LB,1,MODELED
DEN,Defense,ILB_MIKE,LB,2,DEN_LB_01,LB,0,MODELED
DEN,Defense,ILB_WILL,LB,1,DEN_LB_01,LB,1,MODELED
DEN,Defense,ILB_WILL,LB,2,DEN_LB_02,LB,0,MODELED
DEN,Defense,CB_1,CB,1,DEN_CB_01,CB,1,MODELED
DEN,Defense,CB_1,CB,2,DEN_CB_02,CB,0,MODELED
DEN,Defense,CB_2,CB,1,DEN_CB_02,CB,1,MODELED
DEN,Defense,CB_2,CB,2,DEN_CB_03,CB,0,MODELED
DEN,Defense,NICKEL,CB,1,DEN_CB_03,CB,1,MODELED
DEN,Defense,NICKEL,CB,2,DEN_CB_04,CB,0,MODELED
DEN,Defense,FS,S,1,DEN_S_01,S,1,MODELED
DEN,Defense,FS,S,2,DEN_S_02,S,0,MODELED
DEN,Defense,SS,S,1,DEN_S_02,S,1,MODELED
DEN,Defense,SS,S,2,DEN_S_03,S,0,MODELED
DEN,Special Teams,K,K,1,DEN_K_01,K,1,MODELED
DEN,Special Teams,P,P,1,DEN_P_01,P,1,MODELED
DEN,Special Teams,LS,LS,1,DEN_LS_01,LS,1,MODELED
DEN,Special Teams,KR,WR,1,DEN_WR_04,WR,1,MODELED
DEN,Special Teams,KR,WR,2,DEN_WR_05,WR,0,MODELED
DEN,Special Teams,PR,WR,1,DEN_WR_05,WR,1,MODELED
DEN,Special Teams,PR,WR,2,DEN_WR_06,WR,0,MODELED
DEN,Special Teams,GUNNER,S,1,DEN_S_03,S,1,MODELED
DEN,Special Teams,GUNNER,S,2,DEN_S_04,S,0,MODELED
KC,Offense,QB,QB,1,KC_QB_01,QB,1,MODELED
KC,Offense,QB,QB,2,KC_QB_02,QB,0,MODELED
KC,Offense,RB,RB,1,KC_RB_01,RB,1,MODELED
KC,Offense,RB,RB,2,KC_RB_02,RB,0,MODELED
KC,Offense,RB,RB,3,KC_RB_03,RB,0,MODELED
KC,Offense,FB,FB,1,KC_FB_01,FB,1,MODELED
KC,Offense,WR_X,WR,1,KC_WR_03,WR,1,MODELED
KC,Offense,WR_X,WR,2,KC_WR_01,WR,0,MODELED
KC,Offense,WR_X,WR,3,KC_WR_02,WR,0,MODELED
KC,Offense,WR_Z,WR,1,KC_WR_01,WR,1,MODELED
KC,Offense,WR_Z,WR,2,KC_WR_02,WR,0,MODELED
KC,Offense,WR_Z,WR,3,KC_WR_05,WR,0,MODELED
KC,Offense,WR_SLOT,WR,1,KC_WR_02,WR,1,MODELED
KC,Offense,WR_SLOT,WR,2,KC_WR_05,WR,0,MODELED
KC,Offense,TE_Y,TE,1,KC_TE_01,TE,1,MODELED
KC,Offense,TE_Y,TE,2,KC_TE_02,TE,0,MODELED
KC,Offense,TE_F,TE,1,KC_TE_02,TE,1,MODELED
KC,Offense,TE_F,TE,2,KC_TE_03,TE,0,MODELED
KC,Offense,LT,OT,1,KC_OT_01,OT,1,MODELED
KC,Offense,LT,OT,2,KC_OT_02,OT,0,MODELED
KC,Offense,LG,OG,1,KC_OG_01,OG,1,MODELED
KC,Offense,LG,OG,2,KC_OG_02,OG,0,MODELED
KC,Offense,C,C,1,KC_C_01,C,1,MODELED
KC,Offense,C,C,2,KC_C_02,C,0,MODELED
KC,Offense,RG,OG,1,KC_OG_02,OG,1,MODELED
KC,Offense,RG,OG,2,KC_OG_03,OG,0,MODELED
KC,Offense,RT,OT,1,KC_OT_02,OT,1,MODELED
KC,Offense,RT,OT,2,KC_OT_04,OT,0,MODELED
KC,Defense,LDE,DT,1,KC_DT_02,DT,1,MODELED
KC,Defense,LDE,DT,2,KC_DT_01,DT,0,MODELED
KC,Defense,NT,DT,1,KC_DT_01,DT,1,MODELED
KC,Defense,NT,DT,2,KC_DT_03,DT,0,MODELED
KC,Defense,RDE,DT,1,KC_DT_03,DT,1,MODELED
KC,Defense,RDE,DT,2,KC_DT_04,DT,0,MODELED
KC,Defense,LOLB,EDGE,1,KC_EDGE_01,EDGE,1,MODELED
KC,Defense,LOLB,EDGE,2,KC_EDGE_02,EDGE,0,MODELED
KC,Defense,ROLB,EDGE,1,KC_EDGE_02,EDGE,1,MODELED
KC,Defense,ROLB,EDGE,2,KC_EDGE_04,EDGE,0,MODELED
KC,Defense,ILB_MIKE,LB,1,KC_LB_02,LB,1,MODELED
KC,Defense,ILB_MIKE,LB,2,KC_LB_01,LB,0,MODELED
KC,Defense,ILB_WILL,LB,1,KC_LB_01,LB,1,MODELED
KC,Defense,ILB_WILL,LB,2,KC_LB_03,LB,0,MODELED
KC,Defense,CB_1,CB,1,KC_CB_02,CB,1,MODELED
KC,Defense,CB_1,CB,2,KC_CB_03,CB,0,MODELED
KC,Defense,CB_2,CB,1,KC_CB_03,CB,1,MODELED
KC,Defense,CB_2,CB,2,KC_CB_01,CB,0,MODELED
KC,Defense,NICKEL,CB,1,KC_CB_01,CB,1,MODELED
KC,Defense,NICKEL,CB,2,KC_CB_04,CB,0,MODELED
KC,Defense,FS,S,1,KC_S_01,S,1,MODELED
KC,Defense,FS,S,2,KC_S_02,S,0,MODELED
KC,Defense,SS,S,1,KC_S_02,S,1,MODELED
KC,Defense,SS,S,2,KC_S_04,S,0,MODELED
KC,Special Teams,K,K,1,KC_K_01,K,1,MODELED
KC,Special Teams,P,P,1,KC_P_01,P,1,MODELED
KC,Special Teams,LS,LS,1,KC_LS_01,LS,1,MODELED
KC,Special Teams,KR,WR,1,KC_WR_05,WR,1,MODELED
KC,Special Teams,KR,WR,2,KC_WR_04,WR,0,MODELED
KC,Special Teams,PR,WR,1,KC_WR_04,WR,1,MODELED
KC,Special Teams,PR,WR,2,KC_WR_06,WR,0,MODELED
KC,Special Teams,GUNNER,S,1,KC_S_04,S,1,MODELED
KC,Special Teams,GUNNER,S,2,KC_S_03,S,0,MODELED
LV,Offense,QB,QB,1,LV_QB_01,QB,1,MODELED
LV,Offense,QB,QB,2,LV_QB_02,QB,0,MODELED
LV,Offense,RB,RB,1,LV_RB_01,RB,1,MODELED
LV,Offense,RB,RB,2,LV_RB_02,RB,0,MODELED
LV,Offense,RB,RB,3,LV_RB_03,RB,0,MODELED
LV,Offense,FB,FB,1,LV_FB_01,FB,1,MODELED
LV,Offense,WR_X,WR,1,LV_WR_01,WR,1,MODELED
LV,Offense,WR_X,WR,2,LV_WR_02,WR,0,MODELED
LV,Offense,WR_X,WR,3,LV_WR_03,WR,0,MODELED
LV,Offense,WR_Z,WR,1,LV_WR_02,WR,1,MODELED
LV,Offense,WR_Z,WR,2,LV_WR_03,WR,0,MODELED
LV,Offense,WR_Z,WR,3,LV_WR_05,WR,0,MODELED
LV,Offense,WR_SLOT,WR,1,LV_WR_03,WR,1,MODELED
LV,Offense,WR_SLOT,WR,2,LV_WR_05,WR,0,MODELED
LV,Offense,TE_Y,TE,1,LV_TE_01,TE,1,MODELED
LV,Offense,TE_Y,TE,2,LV_TE_03,TE,0,MODELED
LV,Offense,TE_F,TE,1,LV_TE_03,TE,1,MODELED
LV,Offense,TE_F,TE,2,LV_TE_02,TE,0,MODELED
LV,Offense,LT,OT,1,LV_OT_02,OT,1,MODELED
LV,Offense,LT,OT,2,LV_OT_01,OT,0,MODELED
LV,Offense,LG,OG,1,LV_OG_01,OG,1,MODELED
LV,Offense,LG,OG,2,LV_OG_02,OG,0,MODELED
LV,Offense,C,C,1,LV_C_01,C,1,MODELED
LV,Offense,C,C,2,LV_C_02,C,0,MODELED
LV,Offense,RG,OG,1,LV_OG_02,OG,1,MODELED
LV,Offense,RG,OG,2,LV_OG_03,OG,0,MODELED
LV,Offense,RT,OT,1,LV_OT_01,OT,1,MODELED
LV,Offense,RT,OT,2,LV_OT_04,OT,0,MODELED
LV,Defense,LDE,DT,1,LV_DT_01,DT,1,MODELED
LV,Defense,LDE,DT,2,LV_DT_02,DT,0,MODELED
LV,Defense,NT,DT,1,LV_DT_02,DT,1,MODELED
LV,Defense,NT,DT,2,LV_DT_03,DT,0,MODELED
LV,Defense,RDE,DT,1,LV_DT_03,DT,1,MODELED
LV,Defense,RDE,DT,2,LV_DT_05,DT,0,MODELED
LV,Defense,LOLB,EDGE,1,LV_EDGE_02,EDGE,1,MODELED
LV,Defense,LOLB,EDGE,2,LV_EDGE_04,EDGE,0,MODELED
LV,Defense,ROLB,EDGE,1,LV_EDGE_04,EDGE,1,MODELED
LV,Defense,ROLB,EDGE,2,LV_EDGE_01,EDGE,0,MODELED
LV,Defense,ILB_MIKE,LB,1,LV_LB_01,LB,1,MODELED
LV,Defense,ILB_MIKE,LB,2,LV_LB_02,LB,0,MODELED
LV,Defense,ILB_WILL,LB,1,LV_LB_02,LB,1,MODELED
LV,Defense,ILB_WILL,LB,2,LV_LB_03,LB,0,MODELED
LV,Defense,CB_1,CB,1,LV_CB_03,CB,1,MODELED
LV,Defense,CB_1,CB,2,LV_CB_01,CB,0,MODELED
LV,Defense,CB_2,CB,1,LV_CB_01,CB,1,MODELED
LV,Defense,CB_2,CB,2,LV_CB_02,CB,0,MODELED
LV,Defense,NICKEL,CB,1,LV_CB_02,CB,1,MODELED
LV,Defense,NICKEL,CB,2,LV_CB_06,CB,0,MODELED
LV,Defense,FS,S,1,LV_S_01,S,1,MODELED
LV,Defense,FS,S,2,LV_S_02,S,0,MODELED
LV,Defense,SS,S,1,LV_S_02,S,1,MODELED
LV,Defense,SS,S,2,LV_S_04,S,0,MODELED
LV,Special Teams,K,K,1,LV_K_01,K,1,MODELED
LV,Special Teams,P,P,1,LV_P_01,P,1,MODELED
LV,Special Teams,LS,LS,1,LV_LS_01,LS,1,MODELED
LV,Special Teams,KR,WR,1,LV_WR_05,WR,1,MODELED
LV,Special Teams,KR,WR,2,LV_WR_04,WR,0,MODELED
LV,Special Teams,PR,WR,1,LV_WR_04,WR,1,MODELED
LV,Special Teams,PR,WR,2,LV_WR_06,WR,0,MODELED
LV,Special Teams,GUNNER,S,1,LV_S_04,S,1,MODELED
LV,Special Teams,GUNNER,S,2,LV_S_03,S,0,MODELED
LAC,Offense,QB,QB,1,LAC_QB_01,QB,1,MODELED
LAC,Offense,QB,QB,2,LAC_QB_02,QB,0,MODELED
LAC,Offense,RB,RB,1,LAC_RB_01,RB,1,MODELED
LAC,Offense,RB,RB,2,LAC_RB_02,RB,0,MODELED
LAC,Offense,RB,RB,3,LAC_RB_03,RB,0,MODELED
LAC,Offense,FB,FB,1,LAC_FB_01,FB,1,MODELED
LAC,Offense,WR_X,WR,1,LAC_WR_01,WR,1,MODELED
LAC,Offense,WR_X,WR,2,LAC_WR_02,WR,0,MODELED
LAC,Offense,WR_X,WR,3,LAC_WR_03,WR,0,MODELED
LAC,Offense,WR_Z,WR,1,LAC_WR_02,WR,1,MODELED
LAC,Offense,WR_Z,WR,2,LAC_WR_03,WR,0,MODELED
LAC,Offense,WR_Z,WR,3,LAC_WR_05,WR,0,MODELED
LAC,Offense,WR_SLOT,WR,1,LAC_WR_03,WR,1,MODELED
LAC,Offense,WR_SLOT,WR,2,LAC_WR_05,WR,0,MODELED
LAC,Offense,TE_Y,TE,1,LAC_TE_01,TE,1,MODELED
LAC,Offense,TE_Y,TE,2,LAC_TE_02,TE,0,MODELED
LAC,Offense,TE_F,TE,1,LAC_TE_02,TE,1,MODELED
LAC,Offense,TE_F,TE,2,LAC_TE_03,TE,0,MODELED
LAC,Offense,LT,OT,1,LAC_OT_02,OT,1,MODELED
LAC,Offense,LT,OT,2,LAC_OT_04,OT,0,MODELED
LAC,Offense,LG,OG,1,LAC_OG_02,OG,1,MODELED
LAC,Offense,LG,OG,2,LAC_OG_01,OG,0,MODELED
LAC,Offense,C,C,1,LAC_C_01,C,1,MODELED
LAC,Offense,C,C,2,LAC_C_02,C,0,MODELED
LAC,Offense,RG,OG,1,LAC_OG_01,OG,1,MODELED
LAC,Offense,RG,OG,2,LAC_OG_03,OG,0,MODELED
LAC,Offense,RT,OT,1,LAC_OT_04,OT,1,MODELED
LAC,Offense,RT,OT,2,LAC_OT_01,OT,0,MODELED
LAC,Defense,LDE,DT,1,LAC_DT_02,DT,1,MODELED
LAC,Defense,LDE,DT,2,LAC_DT_01,DT,0,MODELED
LAC,Defense,NT,DT,1,LAC_DT_01,DT,1,MODELED
LAC,Defense,NT,DT,2,LAC_DT_03,DT,0,MODELED
LAC,Defense,RDE,DT,1,LAC_DT_03,DT,1,MODELED
LAC,Defense,RDE,DT,2,LAC_DT_05,DT,0,MODELED
LAC,Defense,LOLB,EDGE,1,LAC_EDGE_01,EDGE,1,MODELED
LAC,Defense,LOLB,EDGE,2,LAC_EDGE_02,EDGE,0,MODELED
LAC,Defense,ROLB,EDGE,1,LAC_EDGE_02,EDGE,1,MODELED
LAC,Defense,ROLB,EDGE,2,LAC_EDGE_03,EDGE,0,MODELED
LAC,Defense,ILB_MIKE,LB,1,LAC_LB_02,LB,1,MODELED
LAC,Defense,ILB_MIKE,LB,2,LAC_LB_01,LB,0,MODELED
LAC,Defense,ILB_WILL,LB,1,LAC_LB_01,LB,1,MODELED
LAC,Defense,ILB_WILL,LB,2,LAC_LB_04,LB,0,MODELED
LAC,Defense,CB_1,CB,1,LAC_CB_02,CB,1,MODELED
LAC,Defense,CB_1,CB,2,LAC_CB_03,CB,0,MODELED
LAC,Defense,CB_2,CB,1,LAC_CB_03,CB,1,MODELED
LAC,Defense,CB_2,CB,2,LAC_CB_04,CB,0,MODELED
LAC,Defense,NICKEL,CB,1,LAC_CB_04,CB,1,MODELED
LAC,Defense,NICKEL,CB,2,LAC_CB_01,CB,0,MODELED
LAC,Defense,FS,S,1,LAC_S_02,S,1,MODELED
LAC,Defense,FS,S,2,LAC_S_01,S,0,MODELED
LAC,Defense,SS,S,1,LAC_S_01,S,1,MODELED
LAC,Defense,SS,S,2,LAC_S_04,S,0,MODELED
LAC,Special Teams,K,K,1,LAC_K_01,K,1,MODELED
LAC,Special Teams,P,P,1,LAC_P_01,P,1,MODELED
LAC,Special Teams,LS,LS,1,LAC_LS_01,LS,1,MODELED
LAC,Special Teams,KR,WR,1,LAC_WR_05,WR,1,MODELED
LAC,Special Teams,KR,WR,2,LAC_WR_04,WR,0,MODELED
LAC,Special Teams,PR,WR,1,LAC_WR_04,WR,1,MODELED
LAC,Special Teams,PR,WR,2,LAC_WR_06,WR,0,MODELED
LAC,Special Teams,GUNNER,S,1,LAC_S_04,S,1,MODELED
LAC,Special Teams,GUNNER,S,2,LAC_S_03,S,0,MODELED
DAL,Offense,QB,QB,1,DAL_QB_02,QB,1,MODELED
DAL,Offense,QB,QB,2,DAL_QB_01,QB,0,MODELED
DAL,Offense,RB,RB,1,DAL_RB_01,RB,1,MODELED
DAL,Offense,RB,RB,2,DAL_RB_03,RB,0,MODELED
DAL,Offense,RB,RB,3,DAL_RB_02,RB,0,MODELED
DAL,Offense,FB,FB,1,DAL_FB_01,FB,1,MODELED
DAL,Offense,WR_X,WR,1,DAL_WR_02,WR,1,MODELED
DAL,Offense,WR_X,WR,2,DAL_WR_03,WR,0,MODELED
DAL,Offense,WR_X,WR,3,DAL_WR_01,WR,0,MODELED
DAL,Offense,WR_Z,WR,1,DAL_WR_03,WR,1,MODELED
DAL,Offense,WR_Z,WR,2,DAL_WR_01,WR,0,MODELED
DAL,Offense,WR_Z,WR,3,DAL_WR_06,WR,0,MODELED
DAL,Offense,WR_SLOT,WR,1,DAL_WR_01,WR,1,MODELED
DAL,Offense,WR_SLOT,WR,2,DAL_WR_06,WR,0,MODELED
DAL,Offense,TE_Y,TE,1,DAL_TE_01,TE,1,MODELED
DAL,Offense,TE_Y,TE,2,DAL_TE_03,TE,0,MODELED
DAL,Offense,TE_F,TE,1,DAL_TE_03,TE,1,MODELED
DAL,Offense,TE_F,TE,2,DAL_TE_02,TE,0,MODELED
DAL,Offense,LT,OT,1,DAL_OT_01,OT,1,MODELED
DAL,Offense,LT,OT,2,DAL_OT_02,OT,0,MODELED
DAL,Offense,LG,OG,1,DAL_OG_02,OG,1,MODELED
DAL,Offense,LG,OG,2,DAL_OG_01,OG,0,MODELED
DAL,Offense,C,C,1,DAL_C_01,C,1,MODELED
DAL,Offense,C,C,2,DAL_C_02,C,0,MODELED
DAL,Offense,RG,OG,1,DAL_OG_01,OG,1,MODELED
DAL,Offense,RG,OG,2,DAL_OG_03,OG,0,MODELED
DAL,Offense,RT,OT,1,DAL_OT_02,OT,1,MODELED
DAL,Offense,RT,OT,2,DAL_OT_04,OT,0,MODELED
DAL,Defense,LDE,DT,1,DAL_DT_03,DT,1,MODELED
DAL,Defense,LDE,DT,2,DAL_DT_02,DT,0,MODELED
DAL,Defense,NT,DT,1,DAL_DT_02,DT,1,MODELED
DAL,Defense,NT,DT,2,DAL_DT_05,DT,0,MODELED
DAL,Defense,RDE,DT,1,DAL_DT_05,DT,1,MODELED
DAL,Defense,RDE,DT,2,DAL_DT_04,DT,0,MODELED
DAL,Defense,LOLB,EDGE,1,DAL_EDGE_02,EDGE,1,MODELED
DAL,Defense,LOLB,EDGE,2,DAL_EDGE_03,EDGE,0,MODELED
DAL,Defense,ROLB,EDGE,1,DAL_EDGE_03,EDGE,1,MODELED
DAL,Defense,ROLB,EDGE,2,DAL_EDGE_01,EDGE,0,MODELED
DAL,Defense,ILB_MIKE,LB,1,DAL_LB_02,LB,1,MODELED
DAL,Defense,ILB_MIKE,LB,2,DAL_LB_01,LB,0,MODELED
DAL,Defense,ILB_WILL,LB,1,DAL_LB_01,LB,1,MODELED
DAL,Defense,ILB_WILL,LB,2,DAL_LB_04,LB,0,MODELED
DAL,Defense,CB_1,CB,1,DAL_CB_03,CB,1,MODELED
DAL,Defense,CB_1,CB,2,DAL_CB_02,CB,0,MODELED
DAL,Defense,CB_2,CB,1,DAL_CB_02,CB,1,MODELED
DAL,Defense,CB_2,CB,2,DAL_CB_05,CB,0,MODELED
DAL,Defense,NICKEL,CB,1,DAL_CB_05,CB,1,MODELED
DAL,Defense,NICKEL,CB,2,DAL_CB_01,CB,0,MODELED
DAL,Defense,FS,S,1,DAL_S_02,S,1,MODELED
DAL,Defense,FS,S,2,DAL_S_01,S,0,MODELED
DAL,Defense,SS,S,1,DAL_S_01,S,1,MODELED
DAL,Defense,SS,S,2,DAL_S_04,S,0,MODELED
DAL,Special Teams,K,K,1,DAL_K_01,K,1,MODELED
DAL,Special Teams,P,P,1,DAL_P_01,P,1,MODELED
DAL,Special Teams,LS,LS,1,DAL_LS_01,LS,1,MODELED
DAL,Special Teams,KR,WR,1,DAL_WR_06,WR,1,MODELED
DAL,Special Teams,KR,WR,2,DAL_WR_05,WR,0,MODELED
DAL,Special Teams,PR,WR,1,DAL_WR_05,WR,1,MODELED
DAL,Special Teams,PR,WR,2,DAL_WR_04,WR,0,MODELED
DAL,Special Teams,GUNNER,S,1,DAL_S_04,S,1,MODELED
DAL,Special Teams,GUNNER,S,2,DAL_S_03,S,0,MODELED
PHI,Offense,QB,QB,1,PHI_QB_01,QB,1,MODELED
PHI,Offense,QB,QB,2,PHI_QB_02,QB,0,MODELED
PHI,Offense,RB,RB,1,PHI_RB_01,RB,1,MODELED
PHI,Offense,RB,RB,2,PHI_RB_03,RB,0,MODELED
PHI,Offense,RB,RB,3,PHI_RB_02,RB,0,MODELED
PHI,Offense,FB,FB,1,PHI_FB_01,FB,1,MODELED
PHI,Offense,WR_X,WR,1,PHI_WR_03,WR,1,MODELED
PHI,Offense,WR_X,WR,2,PHI_WR_02,WR,0,MODELED
PHI,Offense,WR_X,WR,3,PHI_WR_01,WR,0,MODELED
PHI,Offense,WR_Z,WR,1,PHI_WR_02,WR,1,MODELED
PHI,Offense,WR_Z,WR,2,PHI_WR_01,WR,0,MODELED
PHI,Offense,WR_Z,WR,3,PHI_WR_04,WR,0,MODELED
PHI,Offense,WR_SLOT,WR,1,PHI_WR_01,WR,1,MODELED
PHI,Offense,WR_SLOT,WR,2,PHI_WR_04,WR,0,MODELED
PHI,Offense,TE_Y,TE,1,PHI_TE_01,TE,1,MODELED
PHI,Offense,TE_Y,TE,2,PHI_TE_02,TE,0,MODELED
PHI,Offense,TE_F,TE,1,PHI_TE_02,TE,1,MODELED
PHI,Offense,TE_F,TE,2,PHI_TE_03,TE,0,MODELED
PHI,Offense,LT,OT,1,PHI_OT_02,OT,1,MODELED
PHI,Offense,LT,OT,2,PHI_OT_01,OT,0,MODELED
PHI,Offense,LG,OG,1,PHI_OG_01,OG,1,MODELED
PHI,Offense,LG,OG,2,PHI_OG_02,OG,0,MODELED
PHI,Offense,C,C,1,PHI_C_01,C,1,MODELED
PHI,Offense,C,C,2,PHI_C_02,C,0,MODELED
PHI,Offense,RG,OG,1,PHI_OG_02,OG,1,MODELED
PHI,Offense,RG,OG,2,PHI_OG_04,OG,0,MODELED
PHI,Offense,RT,OT,1,PHI_OT_01,OT,1,MODELED
PHI,Offense,RT,OT,2,PHI_OT_04,OT,0,MODELED
PHI,Defense,LDE,EDGE,1,PHI_EDGE_01,EDGE,1,MODELED
PHI,Defense,LDE,EDGE,2,PHI_EDGE_02,EDGE,0,MODELED
PHI,Defense,RDE,EDGE,1,PHI_EDGE_02,EDGE,1,MODELED
PHI,Defense,RDE,EDGE,2,PHI_EDGE_05,EDGE,0,MODELED
PHI,Defense,DT_3T,DT,1,PHI_DT_01,DT,1,MODELED
PHI,Defense,DT_3T,DT,2,PHI_DT_02,DT,0,MODELED
PHI,Defense,DT_1T,DT,1,PHI_DT_02,DT,1,MODELED
PHI,Defense,DT_1T,DT,2,PHI_DT_05,DT,0,MODELED
PHI,Defense,SAM,LB,1,PHI_LB_01,LB,1,MODELED
PHI,Defense,SAM,LB,2,PHI_LB_02,LB,0,MODELED
PHI,Defense,MIKE,LB,1,PHI_LB_02,LB,1,MODELED
PHI,Defense,MIKE,LB,2,PHI_LB_04,LB,0,MODELED
PHI,Defense,WILL,LB,1,PHI_LB_04,LB,1,MODELED
PHI,Defense,WILL,LB,2,PHI_LB_03,LB,0,MODELED
PHI,Defense,CB_1,CB,1,PHI_CB_01,CB,1,MODELED
PHI,Defense,CB_1,CB,2,PHI_CB_02,CB,0,MODELED
PHI,Defense,CB_2,CB,1,PHI_CB_02,CB,1,MODELED
PHI,Defense,CB_2,CB,2,PHI_CB_03,CB,0,MODELED
PHI,Defense,NICKEL,CB,1,PHI_CB_03,CB,1,MODELED
PHI,Defense,NICKEL,CB,2,PHI_CB_05,CB,0,MODELED
PHI,Defense,FS,S,1,PHI_S_02,S,1,MODELED
PHI,Defense,FS,S,2,PHI_S_01,S,0,MODELED
PHI,Defense,SS,S,1,PHI_S_01,S,1,MODELED
PHI,Defense,SS,S,2,PHI_S_04,S,0,MODELED
PHI,Special Teams,K,K,1,PHI_K_01,K,1,MODELED
PHI,Special Teams,P,P,1,PHI_P_01,P,1,MODELED
PHI,Special Teams,LS,LS,1,PHI_LS_01,LS,1,MODELED
PHI,Special Teams,KR,WR,1,PHI_WR_04,WR,1,MODELED
PHI,Special Teams,KR,WR,2,PHI_WR_05,WR,0,MODELED
PHI,Special Teams,PR,WR,1,PHI_WR_05,WR,1,MODELED
PHI,Special Teams,PR,WR,2,PHI_WR_06,WR,0,MODELED
PHI,Special Teams,GUNNER,S,1,PHI_S_04,S,1,MODELED
PHI,Special Teams,GUNNER,S,2,PHI_S_03,S,0,MODELED
WAS,Offense,QB,QB,1,WAS_QB_01,QB,1,MODELED
WAS,Offense,QB,QB,2,WAS_QB_02,QB,0,MODELED
WAS,Offense,RB,RB,1,WAS_RB_01,RB,1,MODELED
WAS,Offense,RB,RB,2,WAS_RB_02,RB,0,MODELED
WAS,Offense,RB,RB,3,WAS_RB_03,RB,0,MODELED
WAS,Offense,FB,FB,1,WAS_FB_01,FB,1,MODELED
WAS,Offense,WR_X,WR,1,WAS_WR_02,WR,1,MODELED
WAS,Offense,WR_X,WR,2,WAS_WR_03,WR,0,MODELED
WAS,Offense,WR_X,WR,3,WAS_WR_01,WR,0,MODELED
WAS,Offense,WR_Z,WR,1,WAS_WR_03,WR,1,MODELED
WAS,Offense,WR_Z,WR,2,WAS_WR_01,WR,0,MODELED
WAS,Offense,WR_Z,WR,3,WAS_WR_06,WR,0,MODELED
WAS,Offense,WR_SLOT,WR,1,WAS_WR_01,WR,1,MODELED
WAS,Offense,WR_SLOT,WR,2,WAS_WR_06,WR,0,MODELED
WAS,Offense,TE_Y,TE,1,WAS_TE_01,TE,1,MODELED
WAS,Offense,TE_Y,TE,2,WAS_TE_02,TE,0,MODELED
WAS,Offense,TE_F,TE,1,WAS_TE_02,TE,1,MODELED
WAS,Offense,TE_F,TE,2,WAS_TE_03,TE,0,MODELED
WAS,Offense,LT,OT,1,WAS_OT_01,OT,1,MODELED
WAS,Offense,LT,OT,2,WAS_OT_02,OT,0,MODELED
WAS,Offense,LG,OG,1,WAS_OG_02,OG,1,MODELED
WAS,Offense,LG,OG,2,WAS_OG_01,OG,0,MODELED
WAS,Offense,C,C,1,WAS_C_01,C,1,MODELED
WAS,Offense,C,C,2,WAS_C_02,C,0,MODELED
WAS,Offense,RG,OG,1,WAS_OG_01,OG,1,MODELED
WAS,Offense,RG,OG,2,WAS_OG_04,OG,0,MODELED
WAS,Offense,RT,OT,1,WAS_OT_02,OT,1,MODELED
WAS,Offense,RT,OT,2,WAS_OT_03,OT,0,MODELED
WAS,Defense,LDE,DT,1,WAS_DT_02,DT,1,MODELED
WAS,Defense,LDE,DT,2,WAS_DT_01,DT,0,MODELED
WAS,Defense,NT,DT,1,WAS_DT_01,DT,1,MODELED
WAS,Defense,NT,DT,2,WAS_DT_04,DT,0,MODELED
WAS,Defense,RDE,DT,1,WAS_DT_04,DT,1,MODELED
WAS,Defense,RDE,DT,2,WAS_DT_05,DT,0,MODELED
WAS,Defense,LOLB,EDGE,1,WAS_EDGE_02,EDGE,1,MODELED
WAS,Defense,LOLB,EDGE,2,WAS_EDGE_01,EDGE,0,MODELED
WAS,Defense,ROLB,EDGE,1,WAS_EDGE_01,EDGE,1,MODELED
WAS,Defense,ROLB,EDGE,2,WAS_EDGE_05,EDGE,0,MODELED
WAS,Defense,ILB_MIKE,LB,1,WAS_LB_02,LB,1,MODELED
WAS,Defense,ILB_MIKE,LB,2,WAS_LB_01,LB,0,MODELED
WAS,Defense,ILB_WILL,LB,1,WAS_LB_01,LB,1,MODELED
WAS,Defense,ILB_WILL,LB,2,WAS_LB_03,LB,0,MODELED
WAS,Defense,CB_1,CB,1,WAS_CB_02,CB,1,MODELED
WAS,Defense,CB_1,CB,2,WAS_CB_01,CB,0,MODELED
WAS,Defense,CB_2,CB,1,WAS_CB_01,CB,1,MODELED
WAS,Defense,CB_2,CB,2,WAS_CB_04,CB,0,MODELED
WAS,Defense,NICKEL,CB,1,WAS_CB_04,CB,1,MODELED
WAS,Defense,NICKEL,CB,2,WAS_CB_03,CB,0,MODELED
WAS,Defense,FS,S,1,WAS_S_04,S,1,MODELED
WAS,Defense,FS,S,2,WAS_S_03,S,0,MODELED
WAS,Defense,SS,S,1,WAS_S_03,S,1,MODELED
WAS,Defense,SS,S,2,WAS_S_01,S,0,MODELED
WAS,Special Teams,K,K,1,WAS_K_01,K,1,MODELED
WAS,Special Teams,P,P,1,WAS_P_01,P,1,MODELED
WAS,Special Teams,LS,LS,1,WAS_LS_01,LS,1,MODELED
WAS,Special Teams,KR,WR,1,WAS_WR_06,WR,1,MODELED
WAS,Special Teams,KR,WR,2,WAS_WR_04,WR,0,MODELED
WAS,Special Teams,PR,WR,1,WAS_WR_04,WR,1,MODELED
WAS,Special Teams,PR,WR,2,WAS_WR_05,WR,0,MODELED
WAS,Special Teams,GUNNER,S,1,WAS_S_01,S,1,MODELED
WAS,Special Teams,GUNNER,S,2,WAS_S_02,S,0,MODELED
NYG,Offense,QB,QB,1,NYG_QB_01,QB,1,MODELED
NYG,Offense,QB,QB,2,NYG_QB_02,QB,0,MODELED
NYG,Offense,RB,RB,1,NYG_RB_01,RB,1,MODELED
NYG,Offense,RB,RB,2,NYG_RB_03,RB,0,MODELED
NYG,Offense,RB,RB,3,NYG_RB_02,RB,0,MODELED
NYG,Offense,FB,FB,1,NYG_FB_01,FB,1,MODELED
NYG,Offense,WR_X,WR,1,NYG_WR_03,WR,1,MODELED
NYG,Offense,WR_X,WR,2,NYG_WR_02,WR,0,MODELED
NYG,Offense,WR_X,WR,3,NYG_WR_01,WR,0,MODELED
NYG,Offense,WR_Z,WR,1,NYG_WR_02,WR,1,MODELED
NYG,Offense,WR_Z,WR,2,NYG_WR_01,WR,0,MODELED
NYG,Offense,WR_Z,WR,3,NYG_WR_05,WR,0,MODELED
NYG,Offense,WR_SLOT,WR,1,NYG_WR_01,WR,1,MODELED
NYG,Offense,WR_SLOT,WR,2,NYG_WR_05,WR,0,MODELED
NYG,Offense,TE_Y,TE,1,NYG_TE_01,TE,1,MODELED
NYG,Offense,TE_Y,TE,2,NYG_TE_03,TE,0,MODELED
NYG,Offense,TE_F,TE,1,NYG_TE_03,TE,1,MODELED
NYG,Offense,TE_F,TE,2,NYG_TE_02,TE,0,MODELED
NYG,Offense,LT,OT,1,NYG_OT_02,OT,1,MODELED
NYG,Offense,LT,OT,2,NYG_OT_01,OT,0,MODELED
NYG,Offense,LG,OG,1,NYG_OG_02,OG,1,MODELED
NYG,Offense,LG,OG,2,NYG_OG_01,OG,0,MODELED
NYG,Offense,C,C,1,NYG_C_01,C,1,MODELED
NYG,Offense,C,C,2,NYG_C_02,C,0,MODELED
NYG,Offense,RG,OG,1,NYG_OG_01,OG,1,MODELED
NYG,Offense,RG,OG,2,NYG_OG_04,OG,0,MODELED
NYG,Offense,RT,OT,1,NYG_OT_01,OT,1,MODELED
NYG,Offense,RT,OT,2,NYG_OT_04,OT,0,MODELED
NYG,Defense,LDE,EDGE,1,NYG_EDGE_01,EDGE,1,MODELED
NYG,Defense,LDE,EDGE,2,NYG_EDGE_02,EDGE,0,MODELED
NYG,Defense,RDE,EDGE,1,NYG_EDGE_02,EDGE,1,MODELED
NYG,Defense,RDE,EDGE,2,NYG_EDGE_04,EDGE,0,MODELED
NYG,Defense,DT_3T,DT,1,NYG_DT_04,DT,1,MODELED
NYG,Defense,DT_3T,DT,2,NYG_DT_02,DT,0,MODELED
NYG,Defense,DT_1T,DT,1,NYG_DT_02,DT,1,MODELED
NYG,Defense,DT_1T,DT,2,NYG_DT_03,DT,0,MODELED
NYG,Defense,SAM,LB,1,NYG_LB_01,LB,1,MODELED
NYG,Defense,SAM,LB,2,NYG_LB_02,LB,0,MODELED
NYG,Defense,MIKE,LB,1,NYG_LB_02,LB,1,MODELED
NYG,Defense,MIKE,LB,2,NYG_LB_03,LB,0,MODELED
NYG,Defense,WILL,LB,1,NYG_LB_03,LB,1,MODELED
NYG,Defense,WILL,LB,2,NYG_LB_04,LB,0,MODELED
NYG,Defense,CB_1,CB,1,NYG_CB_02,CB,1,MODELED
NYG,Defense,CB_1,CB,2,NYG_CB_05,CB,0,MODELED
NYG,Defense,CB_2,CB,1,NYG_CB_05,CB,1,MODELED
NYG,Defense,CB_2,CB,2,NYG_CB_01,CB,0,MODELED
NYG,Defense,NICKEL,CB,1,NYG_CB_01,CB,1,MODELED
NYG,Defense,NICKEL,CB,2,NYG_CB_03,CB,0,MODELED
NYG,Defense,FS,S,1,NYG_S_01,S,1,MODELED
NYG,Defense,FS,S,2,NYG_S_03,S,0,MODELED
NYG,Defense,SS,S,1,NYG_S_03,S,1,MODELED
NYG,Defense,SS,S,2,NYG_S_02,S,0,MODELED
NYG,Special Teams,K,K,1,NYG_K_01,K,1,MODELED
NYG,Special Teams,P,P,1,NYG_P_01,P,1,MODELED
NYG,Special Teams,LS,LS,1,NYG_LS_01,LS,1,MODELED
NYG,Special Teams,KR,WR,1,NYG_WR_05,WR,1,MODELED
NYG,Special Teams,KR,WR,2,NYG_WR_04,WR,0,MODELED
NYG,Special Teams,PR,WR,1,NYG_WR_04,WR,1,MODELED
NYG,Special Teams,PR,WR,2,NYG_WR_06,WR,0,MODELED
NYG,Special Teams,GUNNER,S,1,NYG_S_02,S,1,MODELED
NYG,Special Teams,GUNNER,S,2,NYG_S_04,S,0,MODELED
CHI,Offense,QB,QB,1,CHI_QB_01,QB,1,MODELED
CHI,Offense,QB,QB,2,CHI_QB_02,QB,0,MODELED
CHI,Offense,RB,RB,1,CHI_RB_01,RB,1,MODELED
CHI,Offense,RB,RB,2,CHI_RB_03,RB,0,MODELED
CHI,Offense,RB,RB,3,CHI_RB_02,RB,0,MODELED
CHI,Offense,FB,FB,1,CHI_FB_01,FB,1,MODELED
CHI,Offense,WR_X,WR,1,CHI_WR_01,WR,1,MODELED
CHI,Offense,WR_X,WR,2,CHI_WR_02,WR,0,MODELED
CHI,Offense,WR_X,WR,3,CHI_WR_03,WR,0,MODELED
CHI,Offense,WR_Z,WR,1,CHI_WR_02,WR,1,MODELED
CHI,Offense,WR_Z,WR,2,CHI_WR_03,WR,0,MODELED
CHI,Offense,WR_Z,WR,3,CHI_WR_05,WR,0,MODELED
CHI,Offense,WR_SLOT,WR,1,CHI_WR_03,WR,1,MODELED
CHI,Offense,WR_SLOT,WR,2,CHI_WR_05,WR,0,MODELED
CHI,Offense,TE_Y,TE,1,CHI_TE_01,TE,1,MODELED
CHI,Offense,TE_Y,TE,2,CHI_TE_02,TE,0,MODELED
CHI,Offense,TE_F,TE,1,CHI_TE_02,TE,1,MODELED
CHI,Offense,TE_F,TE,2,CHI_TE_03,TE,0,MODELED
CHI,Offense,LT,OT,1,CHI_OT_02,OT,1,MODELED
CHI,Offense,LT,OT,2,CHI_OT_01,OT,0,MODELED
CHI,Offense,LG,OG,1,CHI_OG_03,OG,1,MODELED
CHI,Offense,LG,OG,2,CHI_OG_01,OG,0,MODELED
CHI,Offense,C,C,1,CHI_C_01,C,1,MODELED
CHI,Offense,C,C,2,CHI_C_02,C,0,MODELED
CHI,Offense,RG,OG,1,CHI_OG_01,OG,1,MODELED
CHI,Offense,RG,OG,2,CHI_OG_02,OG,0,MODELED
CHI,Offense,RT,OT,1,CHI_OT_01,OT,1,MODELED
CHI,Offense,RT,OT,2,CHI_OT_04,OT,0,MODELED
CHI,Defense,LDE,EDGE,1,CHI_EDGE_01,EDGE,1,MODELED
CHI,Defense,LDE,EDGE,2,CHI_EDGE_02,EDGE,0,MODELED
CHI,Defense,RDE,EDGE,1,CHI_EDGE_02,EDGE,1,MODELED
CHI,Defense,RDE,EDGE,2,CHI_EDGE_05,EDGE,0,MODELED
CHI,Defense,DT_3T,DT,1,CHI_DT_02,DT,1,MODELED
CHI,Defense,DT_3T,DT,2,CHI_DT_01,DT,0,MODELED
CHI,Defense,DT_1T,DT,1,CHI_DT_01,DT,1,MODELED
CHI,Defense,DT_1T,DT,2,CHI_DT_03,DT,0,MODELED
CHI,Defense,SAM,LB,1,CHI_LB_02,LB,1,MODELED
CHI,Defense,SAM,LB,2,CHI_LB_04,LB,0,MODELED
CHI,Defense,MIKE,LB,1,CHI_LB_04,LB,1,MODELED
CHI,Defense,MIKE,LB,2,CHI_LB_01,LB,0,MODELED
CHI,Defense,WILL,LB,1,CHI_LB_01,LB,1,MODELED
CHI,Defense,WILL,LB,2,CHI_LB_05,LB,0,MODELED
CHI,Defense,CB_1,CB,1,CHI_CB_01,CB,1,MODELED
CHI,Defense,CB_1,CB,2,CHI_CB_03,CB,0,MODELED
CHI,Defense,CB_2,CB,1,CHI_CB_03,CB,1,MODELED
CHI,Defense,CB_2,CB,2,CHI_CB_02,CB,0,MODELED
CHI,Defense,NICKEL,CB,1,CHI_CB_02,CB,1,MODELED
CHI,Defense,NICKEL,CB,2,CHI_CB_04,CB,0,MODELED
CHI,Defense,FS,S,1,CHI_S_01,S,1,MODELED
CHI,Defense,FS,S,2,CHI_S_02,S,0,MODELED
CHI,Defense,SS,S,1,CHI_S_02,S,1,MODELED
CHI,Defense,SS,S,2,CHI_S_04,S,0,MODELED
CHI,Special Teams,K,K,1,CHI_K_01,K,1,MODELED
CHI,Special Teams,P,P,1,CHI_P_01,P,1,MODELED
CHI,Special Teams,LS,LS,1,CHI_LS_01,LS,1,MODELED
CHI,Special Teams,KR,WR,1,CHI_WR_05,WR,1,MODELED
CHI,Special Teams,KR,WR,2,CHI_WR_04,WR,0,MODELED
CHI,Special Teams,PR,WR,1,CHI_WR_04,WR,1,MODELED
CHI,Special Teams,PR,WR,2,CHI_WR_06,WR,0,MODELED
CHI,Special Teams,GUNNER,S,1,CHI_S_04,S,1,MODELED
CHI,Special Teams,GUNNER,S,2,CHI_S_03,S,0,MODELED
DET,Offense,QB,QB,1,DET_QB_01,QB,1,MODELED
DET,Offense,QB,QB,2,DET_QB_02,QB,0,MODELED
DET,Offense,RB,RB,1,DET_RB_01,RB,1,MODELED
DET,Offense,RB,RB,2,DET_RB_02,RB,0,MODELED
DET,Offense,RB,RB,3,DET_RB_03,RB,0,MODELED
DET,Offense,FB,FB,1,DET_FB_01,FB,1,MODELED
DET,Offense,WR_X,WR,1,DET_WR_03,WR,1,MODELED
DET,Offense,WR_X,WR,2,DET_WR_02,WR,0,MODELED
DET,Offense,WR_X,WR,3,DET_WR_01,WR,0,MODELED
DET,Offense,WR_Z,WR,1,DET_WR_02,WR,1,MODELED
DET,Offense,WR_Z,WR,2,DET_WR_01,WR,0,MODELED
DET,Offense,WR_Z,WR,3,DET_WR_05,WR,0,MODELED
DET,Offense,WR_SLOT,WR,1,DET_WR_01,WR,1,MODELED
DET,Offense,WR_SLOT,WR,2,DET_WR_05,WR,0,MODELED
DET,Offense,TE_Y,TE,1,DET_TE_01,TE,1,MODELED
DET,Offense,TE_Y,TE,2,DET_TE_03,TE,0,MODELED
DET,Offense,TE_F,TE,1,DET_TE_03,TE,1,MODELED
DET,Offense,TE_F,TE,2,DET_TE_02,TE,0,MODELED
DET,Offense,LT,OT,1,DET_OT_01,OT,1,MODELED
DET,Offense,LT,OT,2,DET_OT_02,OT,0,MODELED
DET,Offense,LG,OG,1,DET_OG_02,OG,1,MODELED
DET,Offense,LG,OG,2,DET_OG_01,OG,0,MODELED
DET,Offense,C,C,1,DET_C_01,C,1,MODELED
DET,Offense,C,C,2,DET_C_02,C,0,MODELED
DET,Offense,RG,OG,1,DET_OG_01,OG,1,MODELED
DET,Offense,RG,OG,2,DET_OG_04,OG,0,MODELED
DET,Offense,RT,OT,1,DET_OT_02,OT,1,MODELED
DET,Offense,RT,OT,2,DET_OT_04,OT,0,MODELED
DET,Defense,LDE,EDGE,1,DET_EDGE_02,EDGE,1,MODELED
DET,Defense,LDE,EDGE,2,DET_EDGE_01,EDGE,0,MODELED
DET,Defense,RDE,EDGE,1,DET_EDGE_01,EDGE,1,MODELED
DET,Defense,RDE,EDGE,2,DET_EDGE_04,EDGE,0,MODELED
DET,Defense,DT_3T,DT,1,DET_DT_02,DT,1,MODELED
DET,Defense,DT_3T,DT,2,DET_DT_01,DT,0,MODELED
DET,Defense,DT_1T,DT,1,DET_DT_01,DT,1,MODELED
DET,Defense,DT_1T,DT,2,DET_DT_05,DT,0,MODELED
DET,Defense,SAM,LB,1,DET_LB_01,LB,1,MODELED
DET,Defense,SAM,LB,2,DET_LB_02,LB,0,MODELED
DET,Defense,MIKE,LB,1,DET_LB_02,LB,1,MODELED
DET,Defense,MIKE,LB,2,DET_LB_05,LB,0,MODELED
DET,Defense,WILL,LB,1,DET_LB_05,LB,1,MODELED
DET,Defense,WILL,LB,2,DET_LB_04,LB,0,MODELED
DET,Defense,CB_1,CB,1,DET_CB_02,CB,1,MODELED
DET,Defense,CB_1,CB,2,DET_CB_03,CB,0,MODELED
DET,Defense,CB_2,CB,1,DET_CB_03,CB,1,MODELED
DET,Defense,CB_2,CB,2,DET_CB_01,CB,0,MODELED
DET,Defense,NICKEL,CB,1,DET_CB_01,CB,1,MODELED
DET,Defense,NICKEL,CB,2,DET_CB_05,CB,0,MODELED
DET,Defense,FS,S,1,DET_S_02,S,1,MODELED
DET,Defense,FS,S,2,DET_S_04,S,0,MODELED
DET,Defense,SS,S,1,DET_S_04,S,1,MODELED
DET,Defense,SS,S,2,DET_S_01,S,0,MODELED
DET,Special Teams,K,K,1,DET_K_01,K,1,MODELED
DET,Special Teams,P,P,1,DET_P_01,P,1,MODELED
DET,Special Teams,LS,LS,1,DET_LS_01,LS,1,MODELED
DET,Special Teams,KR,WR,1,DET_WR_05,WR,1,MODELED
DET,Special Teams,KR,WR,2,DET_WR_04,WR,0,MODELED
DET,Special Teams,PR,WR,1,DET_WR_04,WR,1,MODELED
DET,Special Teams,PR,WR,2,DET_WR_06,WR,0,MODELED
DET,Special Teams,GUNNER,S,1,DET_S_01,S,1,MODELED
DET,Special Teams,GUNNER,S,2,DET_S_03,S,0,MODELED
GB,Offense,QB,QB,1,GB_QB_01,QB,1,MODELED
GB,Offense,QB,QB,2,GB_QB_02,QB,0,MODELED
GB,Offense,RB,RB,1,GB_RB_01,RB,1,MODELED
GB,Offense,RB,RB,2,GB_RB_02,RB,0,MODELED
GB,Offense,RB,RB,3,GB_RB_03,RB,0,MODELED
GB,Offense,FB,FB,1,GB_FB_01,FB,1,MODELED
GB,Offense,WR_X,WR,1,GB_WR_01,WR,1,MODELED
GB,Offense,WR_X,WR,2,GB_WR_02,WR,0,MODELED
GB,Offense,WR_X,WR,3,GB_WR_03,WR,0,MODELED
GB,Offense,WR_Z,WR,1,GB_WR_02,WR,1,MODELED
GB,Offense,WR_Z,WR,2,GB_WR_03,WR,0,MODELED
GB,Offense,WR_Z,WR,3,GB_WR_06,WR,0,MODELED
GB,Offense,WR_SLOT,WR,1,GB_WR_03,WR,1,MODELED
GB,Offense,WR_SLOT,WR,2,GB_WR_06,WR,0,MODELED
GB,Offense,TE_Y,TE,1,GB_TE_01,TE,1,MODELED
GB,Offense,TE_Y,TE,2,GB_TE_03,TE,0,MODELED
GB,Offense,TE_F,TE,1,GB_TE_03,TE,1,MODELED
GB,Offense,TE_F,TE,2,GB_TE_02,TE,0,MODELED
GB,Offense,LT,OT,1,GB_OT_01,OT,1,MODELED
GB,Offense,LT,OT,2,GB_OT_02,OT,0,MODELED
GB,Offense,LG,OG,1,GB_OG_02,OG,1,MODELED
GB,Offense,LG,OG,2,GB_OG_01,OG,0,MODELED
GB,Offense,C,C,1,GB_C_02,C,1,MODELED
GB,Offense,C,C,2,GB_C_01,C,0,MODELED
GB,Offense,RG,OG,1,GB_OG_01,OG,1,MODELED
GB,Offense,RG,OG,2,GB_OG_03,OG,0,MODELED
GB,Offense,RT,OT,1,GB_OT_02,OT,1,MODELED
GB,Offense,RT,OT,2,GB_OT_04,OT,0,MODELED
GB,Defense,LDE,DT,1,GB_DT_01,DT,1,MODELED
GB,Defense,LDE,DT,2,GB_DT_02,DT,0,MODELED
GB,Defense,NT,DT,1,GB_DT_02,DT,1,MODELED
GB,Defense,NT,DT,2,GB_DT_04,DT,0,MODELED
GB,Defense,RDE,DT,1,GB_DT_04,DT,1,MODELED
GB,Defense,RDE,DT,2,GB_DT_05,DT,0,MODELED
GB,Defense,LOLB,EDGE,1,GB_EDGE_01,EDGE,1,MODELED
GB,Defense,LOLB,EDGE,2,GB_EDGE_02,EDGE,0,MODELED
GB,Defense,ROLB,EDGE,1,GB_EDGE_02,EDGE,1,MODELED
GB,Defense,ROLB,EDGE,2,GB_EDGE_03,EDGE,0,MODELED
GB,Defense,ILB_MIKE,LB,1,GB_LB_02,LB,1,MODELED
GB,Defense,ILB_MIKE,LB,2,GB_LB_03,LB,0,MODELED
GB,Defense,ILB_WILL,LB,1,GB_LB_03,LB,1,MODELED
GB,Defense,ILB_WILL,LB,2,GB_LB_01,LB,0,MODELED
GB,Defense,CB_1,CB,1,GB_CB_03,CB,1,MODELED
GB,Defense,CB_1,CB,2,GB_CB_01,CB,0,MODELED
GB,Defense,CB_2,CB,1,GB_CB_01,CB,1,MODELED
GB,Defense,CB_2,CB,2,GB_CB_04,CB,0,MODELED
GB,Defense,NICKEL,CB,1,GB_CB_04,CB,1,MODELED
GB,Defense,NICKEL,CB,2,GB_CB_06,CB,0,MODELED
GB,Defense,FS,S,1,GB_S_02,S,1,MODELED
GB,Defense,FS,S,2,GB_S_01,S,0,MODELED
GB,Defense,SS,S,1,GB_S_01,S,1,MODELED
GB,Defense,SS,S,2,GB_S_04,S,0,MODELED
GB,Special Teams,K,K,1,GB_K_01,K,1,MODELED
GB,Special Teams,P,P,1,GB_P_01,P,1,MODELED
GB,Special Teams,LS,LS,1,GB_LS_01,LS,1,MODELED
GB,Special Teams,KR,WR,1,GB_WR_06,WR,1,MODELED
GB,Special Teams,KR,WR,2,GB_WR_05,WR,0,MODELED
GB,Special Teams,PR,WR,1,GB_WR_05,WR,1,MODELED
GB,Special Teams,PR,WR,2,GB_WR_04,WR,0,MODELED
GB,Special Teams,GUNNER,S,1,GB_S_04,S,1,MODELED
GB,Special Teams,GUNNER,S,2,GB_S_03,S,0,MODELED
MIN,Offense,QB,QB,1,MIN_QB_01,QB,1,MODELED
MIN,Offense,QB,QB,2,MIN_QB_02,QB,0,MODELED
MIN,Offense,RB,RB,1,MIN_RB_01,RB,1,MODELED
MIN,Offense,RB,RB,2,MIN_RB_03,RB,0,MODELED
MIN,Offense,RB,RB,3,MIN_RB_02,RB,0,MODELED
MIN,Offense,FB,FB,1,MIN_FB_01,FB,1,MODELED
MIN,Offense,WR_X,WR,1,MIN_WR_01,WR,1,MODELED
MIN,Offense,WR_X,WR,2,MIN_WR_02,WR,0,MODELED
MIN,Offense,WR_X,WR,3,MIN_WR_03,WR,0,MODELED
MIN,Offense,WR_Z,WR,1,MIN_WR_02,WR,1,MODELED
MIN,Offense,WR_Z,WR,2,MIN_WR_03,WR,0,MODELED
MIN,Offense,WR_Z,WR,3,MIN_WR_05,WR,0,MODELED
MIN,Offense,WR_SLOT,WR,1,MIN_WR_03,WR,1,MODELED
MIN,Offense,WR_SLOT,WR,2,MIN_WR_05,WR,0,MODELED
MIN,Offense,TE_Y,TE,1,MIN_TE_01,TE,1,MODELED
MIN,Offense,TE_Y,TE,2,MIN_TE_02,TE,0,MODELED
MIN,Offense,TE_F,TE,1,MIN_TE_02,TE,1,MODELED
MIN,Offense,TE_F,TE,2,MIN_TE_03,TE,0,MODELED
MIN,Offense,LT,OT,1,MIN_OT_01,OT,1,MODELED
MIN,Offense,LT,OT,2,MIN_OT_02,OT,0,MODELED
MIN,Offense,LG,OG,1,MIN_OG_02,OG,1,MODELED
MIN,Offense,LG,OG,2,MIN_OG_04,OG,0,MODELED
MIN,Offense,C,C,1,MIN_C_01,C,1,MODELED
MIN,Offense,C,C,2,MIN_C_02,C,0,MODELED
MIN,Offense,RG,OG,1,MIN_OG_04,OG,1,MODELED
MIN,Offense,RG,OG,2,MIN_OG_01,OG,0,MODELED
MIN,Offense,RT,OT,1,MIN_OT_02,OT,1,MODELED
MIN,Offense,RT,OT,2,MIN_OT_04,OT,0,MODELED
MIN,Defense,LDE,EDGE,1,MIN_EDGE_02,EDGE,1,MODELED
MIN,Defense,LDE,EDGE,2,MIN_EDGE_01,EDGE,0,MODELED
MIN,Defense,RDE,EDGE,1,MIN_EDGE_01,EDGE,1,MODELED
MIN,Defense,RDE,EDGE,2,MIN_EDGE_03,EDGE,0,MODELED
MIN,Defense,DT_3T,DT,1,MIN_DT_01,DT,1,MODELED
MIN,Defense,DT_3T,DT,2,MIN_DT_02,DT,0,MODELED
MIN,Defense,DT_1T,DT,1,MIN_DT_02,DT,1,MODELED
MIN,Defense,DT_1T,DT,2,MIN_DT_04,DT,0,MODELED
MIN,Defense,SAM,LB,1,MIN_LB_02,LB,1,MODELED
MIN,Defense,SAM,LB,2,MIN_LB_01,LB,0,MODELED
MIN,Defense,MIKE,LB,1,MIN_LB_01,LB,1,MODELED
MIN,Defense,MIKE,LB,2,MIN_LB_03,LB,0,MODELED
MIN,Defense,WILL,LB,1,MIN_LB_03,LB,1,MODELED
MIN,Defense,WILL,LB,2,MIN_LB_04,LB,0,MODELED
MIN,Defense,CB_1,CB,1,MIN_CB_01,CB,1,MODELED
MIN,Defense,CB_1,CB,2,MIN_CB_03,CB,0,MODELED
MIN,Defense,CB_2,CB,1,MIN_CB_03,CB,1,MODELED
MIN,Defense,CB_2,CB,2,MIN_CB_05,CB,0,MODELED
MIN,Defense,NICKEL,CB,1,MIN_CB_05,CB,1,MODELED
MIN,Defense,NICKEL,CB,2,MIN_CB_04,CB,0,MODELED
MIN,Defense,FS,S,1,MIN_S_02,S,1,MODELED
MIN,Defense,FS,S,2,MIN_S_01,S,0,MODELED
MIN,Defense,SS,S,1,MIN_S_01,S,1,MODELED
MIN,Defense,SS,S,2,MIN_S_03,S,0,MODELED
MIN,Special Teams,K,K,1,MIN_K_01,K,1,MODELED
MIN,Special Teams,P,P,1,MIN_P_01,P,1,MODELED
MIN,Special Teams,LS,LS,1,MIN_LS_01,LS,1,MODELED
MIN,Special Teams,KR,WR,1,MIN_WR_05,WR,1,MODELED
MIN,Special Teams,KR,WR,2,MIN_WR_04,WR,0,MODELED
MIN,Special Teams,PR,WR,1,MIN_WR_04,WR,1,MODELED
MIN,Special Teams,PR,WR,2,MIN_WR_06,WR,0,MODELED
MIN,Special Teams,GUNNER,S,1,MIN_S_03,S,1,MODELED
MIN,Special Teams,GUNNER,S,2,MIN_S_04,S,0,MODELED
ATL,Offense,QB,QB,1,ATL_QB_01,QB,1,MODELED
ATL,Offense,QB,QB,2,ATL_QB_02,QB,0,MODELED
ATL,Offense,RB,RB,1,ATL_RB_01,RB,1,MODELED
ATL,Offense,RB,RB,2,ATL_RB_02,RB,0,MODELED
ATL,Offense,RB,RB,3,ATL_RB_03,RB,0,MODELED
ATL,Offense,FB,FB,1,ATL_FB_01,FB,1,MODELED
ATL,Offense,WR_X,WR,1,ATL_WR_01,WR,1,MODELED
ATL,Offense,WR_X,WR,2,ATL_WR_03,WR,0,MODELED
ATL,Offense,WR_X,WR,3,ATL_WR_02,WR,0,MODELED
ATL,Offense,WR_Z,WR,1,ATL_WR_03,WR,1,MODELED
ATL,Offense,WR_Z,WR,2,ATL_WR_02,WR,0,MODELED
ATL,Offense,WR_Z,WR,3,ATL_WR_05,WR,0,MODELED
ATL,Offense,WR_SLOT,WR,1,ATL_WR_02,WR,1,MODELED
ATL,Offense,WR_SLOT,WR,2,ATL_WR_05,WR,0,MODELED
ATL,Offense,TE_Y,TE,1,ATL_TE_01,TE,1,MODELED
ATL,Offense,TE_Y,TE,2,ATL_TE_02,TE,0,MODELED
ATL,Offense,TE_F,TE,1,ATL_TE_02,TE,1,MODELED
ATL,Offense,TE_F,TE,2,ATL_TE_03,TE,0,MODELED
ATL,Offense,LT,OT,1,ATL_OT_01,OT,1,MODELED
ATL,Offense,LT,OT,2,ATL_OT_02,OT,0,MODELED
ATL,Offense,LG,OG,1,ATL_OG_01,OG,1,MODELED
ATL,Offense,LG,OG,2,ATL_OG_02,OG,0,MODELED
ATL,Offense,C,C,1,ATL_C_02,C,1,MODELED
ATL,Offense,C,C,2,ATL_C_01,C,0,MODELED
ATL,Offense,RG,OG,1,ATL_OG_02,OG,1,MODELED
ATL,Offense,RG,OG,2,ATL_OG_04,OG,0,MODELED
ATL,Offense,RT,OT,1,ATL_OT_02,OT,1,MODELED
ATL,Offense,RT,OT,2,ATL_OT_04,OT,0,MODELED
ATL,Defense,LDE,DT,1,ATL_DT_02,DT,1,MODELED
ATL,Defense,LDE,DT,2,ATL_DT_01,DT,0,MODELED
ATL,Defense,NT,DT,1,ATL_DT_01,DT,1,MODELED
ATL,Defense,NT,DT,2,ATL_DT_04,DT,0,MODELED
ATL,Defense,RDE,DT,1,ATL_DT_04,DT,1,MODELED
ATL,Defense,RDE,DT,2,ATL_DT_03,DT,0,MODELED
ATL,Defense,LOLB,EDGE,1,ATL_EDGE_01,EDGE,1,MODELED
ATL,Defense,LOLB,EDGE,2,ATL_EDGE_02,EDGE,0,MODELED
ATL,Defense,ROLB,EDGE,1,ATL_EDGE_02,EDGE,1,MODELED
ATL,Defense,ROLB,EDGE,2,ATL_EDGE_04,EDGE,0,MODELED
ATL,Defense,ILB_MIKE,LB,1,ATL_LB_01,LB,1,MODELED
ATL,Defense,ILB_MIKE,LB,2,ATL_LB_02,LB,0,MODELED
ATL,Defense,ILB_WILL,LB,1,ATL_LB_02,LB,1,MODELED
ATL,Defense,ILB_WILL,LB,2,ATL_LB_04,LB,0,MODELED
ATL,Defense,CB_1,CB,1,ATL_CB_03,CB,1,MODELED
ATL,Defense,CB_1,CB,2,ATL_CB_02,CB,0,MODELED
ATL,Defense,CB_2,CB,1,ATL_CB_02,CB,1,MODELED
ATL,Defense,CB_2,CB,2,ATL_CB_01,CB,0,MODELED
ATL,Defense,NICKEL,CB,1,ATL_CB_01,CB,1,MODELED
ATL,Defense,NICKEL,CB,2,ATL_CB_05,CB,0,MODELED
ATL,Defense,FS,S,1,ATL_S_01,S,1,MODELED
ATL,Defense,FS,S,2,ATL_S_02,S,0,MODELED
ATL,Defense,SS,S,1,ATL_S_02,S,1,MODELED
ATL,Defense,SS,S,2,ATL_S_04,S,0,MODELED
ATL,Special Teams,K,K,1,ATL_K_01,K,1,MODELED
ATL,Special Teams,P,P,1,ATL_P_01,P,1,MODELED
ATL,Special Teams,LS,LS,1,ATL_LS_01,LS,1,MODELED
ATL,Special Teams,KR,WR,1,ATL_WR_05,WR,1,MODELED
ATL,Special Teams,KR,WR,2,ATL_WR_06,WR,0,MODELED
ATL,Special Teams,PR,WR,1,ATL_WR_06,WR,1,MODELED
ATL,Special Teams,PR,WR,2,ATL_WR_04,WR,0,MODELED
ATL,Special Teams,GUNNER,S,1,ATL_S_04,S,1,MODELED
ATL,Special Teams,GUNNER,S,2,ATL_S_03,S,0,MODELED
CAR,Offense,QB,QB,1,CAR_QB_01,QB,1,MODELED
CAR,Offense,QB,QB,2,CAR_QB_02,QB,0,MODELED
CAR,Offense,RB,RB,1,CAR_RB_01,RB,1,MODELED
CAR,Offense,RB,RB,2,CAR_RB_03,RB,0,MODELED
CAR,Offense,RB,RB,3,CAR_RB_02,RB,0,MODELED
CAR,Offense,FB,FB,1,CAR_FB_01,FB,1,MODELED
CAR,Offense,WR_X,WR,1,CAR_WR_01,WR,1,MODELED
CAR,Offense,WR_X,WR,2,CAR_WR_03,WR,0,MODELED
CAR,Offense,WR_X,WR,3,CAR_WR_02,WR,0,MODELED
CAR,Offense,WR_Z,WR,1,CAR_WR_03,WR,1,MODELED
CAR,Offense,WR_Z,WR,2,CAR_WR_02,WR,0,MODELED
CAR,Offense,WR_Z,WR,3,CAR_WR_05,WR,0,MODELED
CAR,Offense,WR_SLOT,WR,1,CAR_WR_02,WR,1,MODELED
CAR,Offense,WR_SLOT,WR,2,CAR_WR_05,WR,0,MODELED
CAR,Offense,TE_Y,TE,1,CAR_TE_01,TE,1,MODELED
CAR,Offense,TE_Y,TE,2,CAR_TE_02,TE,0,MODELED
CAR,Offense,TE_F,TE,1,CAR_TE_02,TE,1,MODELED
CAR,Offense,TE_F,TE,2,CAR_TE_03,TE,0,MODELED
CAR,Offense,LT,OT,1,CAR_OT_01,OT,1,MODELED
CAR,Offense,LT,OT,2,CAR_OT_02,OT,0,MODELED
CAR,Offense,LG,OG,1,CAR_OG_01,OG,1,MODELED
CAR,Offense,LG,OG,2,CAR_OG_02,OG,0,MODELED
CAR,Offense,C,C,1,CAR_C_01,C,1,MODELED
CAR,Offense,C,C,2,CAR_C_02,C,0,MODELED
CAR,Offense,RG,OG,1,CAR_OG_02,OG,1,MODELED
CAR,Offense,RG,OG,2,CAR_OG_04,OG,0,MODELED
CAR,Offense,RT,OT,1,CAR_OT_02,OT,1,MODELED
CAR,Offense,RT,OT,2,CAR_OT_03,OT,0,MODELED
CAR,Defense,LDE,DT,1,CAR_DT_02,DT,1,MODELED
CAR,Defense,LDE,DT,2,CAR_DT_01,DT,0,MODELED
CAR,Defense,NT,DT,1,CAR_DT_01,DT,1,MODELED
CAR,Defense,NT,DT,2,CAR_DT_04,DT,0,MODELED
CAR,Defense,RDE,DT,1,CAR_DT_04,DT,1,MODELED
CAR,Defense,RDE,DT,2,CAR_DT_03,DT,0,MODELED
CAR,Defense,LOLB,EDGE,1,CAR_EDGE_02,EDGE,1,MODELED
CAR,Defense,LOLB,EDGE,2,CAR_EDGE_01,EDGE,0,MODELED
CAR,Defense,ROLB,EDGE,1,CAR_EDGE_01,EDGE,1,MODELED
CAR,Defense,ROLB,EDGE,2,CAR_EDGE_05,EDGE,0,MODELED
CAR,Defense,ILB_MIKE,LB,1,CAR_LB_01,LB,1,MODELED
CAR,Defense,ILB_MIKE,LB,2,CAR_LB_03,LB,0,MODELED
CAR,Defense,ILB_WILL,LB,1,CAR_LB_03,LB,1,MODELED
CAR,Defense,ILB_WILL,LB,2,CAR_LB_02,LB,0,MODELED
CAR,Defense,CB_1,CB,1,CAR_CB_01,CB,1,MODELED
CAR,Defense,CB_1,CB,2,CAR_CB_03,CB,0,MODELED
CAR,Defense,CB_2,CB,1,CAR_CB_03,CB,1,MODELED
CAR,Defense,CB_2,CB,2,CAR_CB_02,CB,0,MODELED
CAR,Defense,NICKEL,CB,1,CAR_CB_02,CB,1,MODELED
CAR,Defense,NICKEL,CB,2,CAR_CB_04,CB,0,MODELED
CAR,Defense,FS,S,1,CAR_S_02,S,1,MODELED
CAR,Defense,FS,S,2,CAR_S_03,S,0,MODELED
CAR,Defense,SS,S,1,CAR_S_03,S,1,MODELED
CAR,Defense,SS,S,2,CAR_S_01,S,0,MODELED
CAR,Special Teams,K,K,1,CAR_K_01,K,1,MODELED
CAR,Special Teams,P,P,1,CAR_P_01,P,1,MODELED
CAR,Special Teams,LS,LS,1,CAR_LS_01,LS,1,MODELED
CAR,Special Teams,KR,WR,1,CAR_WR_05,WR,1,MODELED
CAR,Special Teams,KR,WR,2,CAR_WR_06,WR,0,MODELED
CAR,Special Teams,PR,WR,1,CAR_WR_06,WR,1,MODELED
CAR,Special Teams,PR,WR,2,CAR_WR_04,WR,0,MODELED
CAR,Special Teams,GUNNER,S,1,CAR_S_01,S,1,MODELED
CAR,Special Teams,GUNNER,S,2,CAR_S_04,S,0,MODELED
NO,Offense,QB,QB,1,NO_QB_01,QB,1,MODELED
NO,Offense,QB,QB,2,NO_QB_02,QB,0,MODELED
NO,Offense,RB,RB,1,NO_RB_01,RB,1,MODELED
NO,Offense,RB,RB,2,NO_RB_03,RB,0,MODELED
NO,Offense,RB,RB,3,NO_RB_02,RB,0,MODELED
NO,Offense,FB,FB,1,NO_FB_01,FB,1,MODELED
NO,Offense,WR_X,WR,1,NO_WR_02,WR,1,MODELED
NO,Offense,WR_X,WR,2,NO_WR_03,WR,0,MODELED
NO,Offense,WR_X,WR,3,NO_WR_01,WR,0,MODELED
NO,Offense,WR_Z,WR,1,NO_WR_03,WR,1,MODELED
NO,Offense,WR_Z,WR,2,NO_WR_01,WR,0,MODELED
NO,Offense,WR_Z,WR,3,NO_WR_04,WR,0,MODELED
NO,Offense,WR_SLOT,WR,1,NO_WR_01,WR,1,MODELED
NO,Offense,WR_SLOT,WR,2,NO_WR_04,WR,0,MODELED
NO,Offense,TE_Y,TE,1,NO_TE_02,TE,1,MODELED
NO,Offense,TE_Y,TE,2,NO_TE_01,TE,0,MODELED
NO,Offense,TE_F,TE,1,NO_TE_01,TE,1,MODELED
NO,Offense,TE_F,TE,2,NO_TE_03,TE,0,MODELED
NO,Offense,LT,OT,1,NO_OT_02,OT,1,MODELED
NO,Offense,LT,OT,2,NO_OT_01,OT,0,MODELED
NO,Offense,LG,OG,1,NO_OG_01,OG,1,MODELED
NO,Offense,LG,OG,2,NO_OG_04,OG,0,MODELED
NO,Offense,C,C,1,NO_C_01,C,1,MODELED
NO,Offense,C,C,2,NO_C_02,C,0,MODELED
NO,Offense,RG,OG,1,NO_OG_04,OG,1,MODELED
NO,Offense,RG,OG,2,NO_OG_02,OG,0,MODELED
NO,Offense,RT,OT,1,NO_OT_01,OT,1,MODELED
NO,Offense,RT,OT,2,NO_OT_04,OT,0,MODELED
NO,Defense,LDE,EDGE,1,NO_EDGE_02,EDGE,1,MODELED
NO,Defense,LDE,EDGE,2,NO_EDGE_01,EDGE,0,MODELED
NO,Defense,RDE,EDGE,1,NO_EDGE_01,EDGE,1,MODELED
NO,Defense,RDE,EDGE,2,NO_EDGE_04,EDGE,0,MODELED
NO,Defense,DT_3T,DT,1,NO_DT_02,DT,1,MODELED
NO,Defense,DT_3T,DT,2,NO_DT_01,DT,0,MODELED
NO,Defense,DT_1T,DT,1,NO_DT_01,DT,1,MODELED
NO,Defense,DT_1T,DT,2,NO_DT_04,DT,0,MODELED
NO,Defense,SAM,LB,1,NO_LB_02,LB,1,MODELED
NO,Defense,SAM,LB,2,NO_LB_01,LB,0,MODELED
NO,Defense,MIKE,LB,1,NO_LB_01,LB,1,MODELED
NO,Defense,MIKE,LB,2,NO_LB_04,LB,0,MODELED
NO,Defense,WILL,LB,1,NO_LB_04,LB,1,MODELED
NO,Defense,WILL,LB,2,NO_LB_05,LB,0,MODELED
NO,Defense,CB_1,CB,1,NO_CB_02,CB,1,MODELED
NO,Defense,CB_1,CB,2,NO_CB_01,CB,0,MODELED
NO,Defense,CB_2,CB,1,NO_CB_01,CB,1,MODELED
NO,Defense,CB_2,CB,2,NO_CB_03,CB,0,MODELED
NO,Defense,NICKEL,CB,1,NO_CB_03,CB,1,MODELED
NO,Defense,NICKEL,CB,2,NO_CB_05,CB,0,MODELED
NO,Defense,FS,S,1,NO_S_01,S,1,MODELED
NO,Defense,FS,S,2,NO_S_02,S,0,MODELED
NO,Defense,SS,S,1,NO_S_02,S,1,MODELED
NO,Defense,SS,S,2,NO_S_04,S,0,MODELED
NO,Special Teams,K,K,1,NO_K_01,K,1,MODELED
NO,Special Teams,P,P,1,NO_P_01,P,1,MODELED
NO,Special Teams,LS,LS,1,NO_LS_01,LS,1,MODELED
NO,Special Teams,KR,WR,1,NO_WR_04,WR,1,MODELED
NO,Special Teams,KR,WR,2,NO_WR_05,WR,0,MODELED
NO,Special Teams,PR,WR,1,NO_WR_05,WR,1,MODELED
NO,Special Teams,PR,WR,2,NO_WR_06,WR,0,MODELED
NO,Special Teams,GUNNER,S,1,NO_S_04,S,1,MODELED
NO,Special Teams,GUNNER,S,2,NO_S_03,S,0,MODELED
TB,Offense,QB,QB,1,TB_QB_01,QB,1,MODELED
TB,Offense,QB,QB,2,TB_QB_02,QB,0,MODELED
TB,Offense,RB,RB,1,TB_RB_01,RB,1,MODELED
TB,Offense,RB,RB,2,TB_RB_02,RB,0,MODELED
TB,Offense,RB,RB,3,TB_RB_03,RB,0,MODELED
TB,Offense,FB,FB,1,TB_FB_01,FB,1,MODELED
TB,Offense,WR_X,WR,1,TB_WR_03,WR,1,MODELED
TB,Offense,WR_X,WR,2,TB_WR_01,WR,0,MODELED
TB,Offense,WR_X,WR,3,TB_WR_02,WR,0,MODELED
TB,Offense,WR_Z,WR,1,TB_WR_01,WR,1,MODELED
TB,Offense,WR_Z,WR,2,TB_WR_02,WR,0,MODELED
TB,Offense,WR_Z,WR,3,TB_WR_04,WR,0,MODELED
TB,Offense,WR_SLOT,WR,1,TB_WR_02,WR,1,MODELED
TB,Offense,WR_SLOT,WR,2,TB_WR_04,WR,0,MODELED
TB,Offense,TE_Y,TE,1,TB_TE_01,TE,1,MODELED
TB,Offense,TE_Y,TE,2,TB_TE_03,TE,0,MODELED
TB,Offense,TE_F,TE,1,TB_TE_03,TE,1,MODELED
TB,Offense,TE_F,TE,2,TB_TE_02,TE,0,MODELED
TB,Offense,LT,OT,1,TB_OT_02,OT,1,MODELED
TB,Offense,LT,OT,2,TB_OT_01,OT,0,MODELED
TB,Offense,LG,OG,1,TB_OG_01,OG,1,MODELED
TB,Offense,LG,OG,2,TB_OG_03,OG,0,MODELED
TB,Offense,C,C,1,TB_C_01,C,1,MODELED
TB,Offense,C,C,2,TB_C_02,C,0,MODELED
TB,Offense,RG,OG,1,TB_OG_03,OG,1,MODELED
TB,Offense,RG,OG,2,TB_OG_02,OG,0,MODELED
TB,Offense,RT,OT,1,TB_OT_01,OT,1,MODELED
TB,Offense,RT,OT,2,TB_OT_04,OT,0,MODELED
TB,Defense,LDE,DT,1,TB_DT_02,DT,1,MODELED
TB,Defense,LDE,DT,2,TB_DT_01,DT,0,MODELED
TB,Defense,NT,DT,1,TB_DT_01,DT,1,MODELED
TB,Defense,NT,DT,2,TB_DT_03,DT,0,MODELED
TB,Defense,RDE,DT,1,TB_DT_03,DT,1,MODELED
TB,Defense,RDE,DT,2,TB_DT_04,DT,0,MODELED
TB,Defense,LOLB,EDGE,1,TB_EDGE_02,EDGE,1,MODELED
TB,Defense,LOLB,EDGE,2,TB_EDGE_01,EDGE,0,MODELED
TB,Defense,ROLB,EDGE,1,TB_EDGE_01,EDGE,1,MODELED
TB,Defense,ROLB,EDGE,2,TB_EDGE_03,EDGE,0,MODELED
TB,Defense,ILB_MIKE,LB,1,TB_LB_02,LB,1,MODELED
TB,Defense,ILB_MIKE,LB,2,TB_LB_05,LB,0,MODELED
TB,Defense,ILB_WILL,LB,1,TB_LB_05,LB,1,MODELED
TB,Defense,ILB_WILL,LB,2,TB_LB_01,LB,0,MODELED
TB,Defense,CB_1,CB,1,TB_CB_03,CB,1,MODELED
TB,Defense,CB_1,CB,2,TB_CB_01,CB,0,MODELED
TB,Defense,CB_2,CB,1,TB_CB_01,CB,1,MODELED
TB,Defense,CB_2,CB,2,TB_CB_02,CB,0,MODELED
TB,Defense,NICKEL,CB,1,TB_CB_02,CB,1,MODELED
TB,Defense,NICKEL,CB,2,TB_CB_05,CB,0,MODELED
TB,Defense,FS,S,1,TB_S_01,S,1,MODELED
TB,Defense,FS,S,2,TB_S_02,S,0,MODELED
TB,Defense,SS,S,1,TB_S_02,S,1,MODELED
TB,Defense,SS,S,2,TB_S_03,S,0,MODELED
TB,Special Teams,K,K,1,TB_K_01,K,1,MODELED
TB,Special Teams,P,P,1,TB_P_01,P,1,MODELED
TB,Special Teams,LS,LS,1,TB_LS_01,LS,1,MODELED
TB,Special Teams,KR,WR,1,TB_WR_04,WR,1,MODELED
TB,Special Teams,KR,WR,2,TB_WR_06,WR,0,MODELED
TB,Special Teams,PR,WR,1,TB_WR_06,WR,1,MODELED
TB,Special Teams,PR,WR,2,TB_WR_05,WR,0,MODELED
TB,Special Teams,GUNNER,S,1,TB_S_03,S,1,MODELED
TB,Special Teams,GUNNER,S,2,TB_S_04,S,0,MODELED
ARI,Offense,QB,QB,1,ARI_QB_01,QB,1,MODELED
ARI,Offense,QB,QB,2,ARI_QB_02,QB,0,MODELED
ARI,Offense,RB,RB,1,ARI_RB_01,RB,1,MODELED
ARI,Offense,RB,RB,2,ARI_RB_02,RB,0,MODELED
ARI,Offense,RB,RB,3,ARI_RB_03,RB,0,MODELED
ARI,Offense,FB,FB,1,ARI_FB_01,FB,1,MODELED
ARI,Offense,WR_X,WR,1,ARI_WR_03,WR,1,MODELED
ARI,Offense,WR_X,WR,2,ARI_WR_01,WR,0,MODELED
ARI,Offense,WR_X,WR,3,ARI_WR_02,WR,0,MODELED
ARI,Offense,WR_Z,WR,1,ARI_WR_01,WR,1,MODELED
ARI,Offense,WR_Z,WR,2,ARI_WR_02,WR,0,MODELED
ARI,Offense,WR_Z,WR,3,ARI_WR_05,WR,0,MODELED
ARI,Offense,WR_SLOT,WR,1,ARI_WR_02,WR,1,MODELED
ARI,Offense,WR_SLOT,WR,2,ARI_WR_05,WR,0,MODELED
ARI,Offense,TE_Y,TE,1,ARI_TE_01,TE,1,MODELED
ARI,Offense,TE_Y,TE,2,ARI_TE_02,TE,0,MODELED
ARI,Offense,TE_F,TE,1,ARI_TE_02,TE,1,MODELED
ARI,Offense,TE_F,TE,2,ARI_TE_03,TE,0,MODELED
ARI,Offense,LT,OT,1,ARI_OT_01,OT,1,MODELED
ARI,Offense,LT,OT,2,ARI_OT_02,OT,0,MODELED
ARI,Offense,LG,OG,1,ARI_OG_02,OG,1,MODELED
ARI,Offense,LG,OG,2,ARI_OG_01,OG,0,MODELED
ARI,Offense,C,C,1,ARI_C_01,C,1,MODELED
ARI,Offense,C,C,2,ARI_C_02,C,0,MODELED
ARI,Offense,RG,OG,1,ARI_OG_01,OG,1,MODELED
ARI,Offense,RG,OG,2,ARI_OG_04,OG,0,MODELED
ARI,Offense,RT,OT,1,ARI_OT_02,OT,1,MODELED
ARI,Offense,RT,OT,2,ARI_OT_03,OT,0,MODELED
ARI,Defense,LDE,EDGE,1,ARI_EDGE_02,EDGE,1,MODELED
ARI,Defense,LDE,EDGE,2,ARI_EDGE_01,EDGE,0,MODELED
ARI,Defense,RDE,EDGE,1,ARI_EDGE_01,EDGE,1,MODELED
ARI,Defense,RDE,EDGE,2,ARI_EDGE_03,EDGE,0,MODELED
ARI,Defense,DT_3T,DT,1,ARI_DT_01,DT,1,MODELED
ARI,Defense,DT_3T,DT,2,ARI_DT_04,DT,0,MODELED
ARI,Defense,DT_1T,DT,1,ARI_DT_04,DT,1,MODELED
ARI,Defense,DT_1T,DT,2,ARI_DT_02,DT,0,MODELED
ARI,Defense,SAM,LB,1,ARI_LB_02,LB,1,MODELED
ARI,Defense,SAM,LB,2,ARI_LB_01,LB,0,MODELED
ARI,Defense,MIKE,LB,1,ARI_LB_01,LB,1,MODELED
ARI,Defense,MIKE,LB,2,ARI_LB_03,LB,0,MODELED
ARI,Defense,WILL,LB,1,ARI_LB_03,LB,1,MODELED
ARI,Defense,WILL,LB,2,ARI_LB_05,LB,0,MODELED
ARI,Defense,CB_1,CB,1,ARI_CB_03,CB,1,MODELED
ARI,Defense,CB_1,CB,2,ARI_CB_01,CB,0,MODELED
ARI,Defense,CB_2,CB,1,ARI_CB_01,CB,1,MODELED
ARI,Defense,CB_2,CB,2,ARI_CB_04,CB,0,MODELED
ARI,Defense,NICKEL,CB,1,ARI_CB_04,CB,1,MODELED
ARI,Defense,NICKEL,CB,2,ARI_CB_02,CB,0,MODELED
ARI,Defense,FS,S,1,ARI_S_01,S,1,MODELED
ARI,Defense,FS,S,2,ARI_S_02,S,0,MODELED
ARI,Defense,SS,S,1,ARI_S_02,S,1,MODELED
ARI,Defense,SS,S,2,ARI_S_04,S,0,MODELED
ARI,Special Teams,K,K,1,ARI_K_01,K,1,MODELED
ARI,Special Teams,P,P,1,ARI_P_01,P,1,MODELED
ARI,Special Teams,LS,LS,1,ARI_LS_01,LS,1,MODELED
ARI,Special Teams,KR,WR,1,ARI_WR_05,WR,1,MODELED
ARI,Special Teams,KR,WR,2,ARI_WR_04,WR,0,MODELED
ARI,Special Teams,PR,WR,1,ARI_WR_04,WR,1,MODELED
ARI,Special Teams,PR,WR,2,ARI_WR_06,WR,0,MODELED
ARI,Special Teams,GUNNER,S,1,ARI_S_04,S,1,MODELED
ARI,Special Teams,GUNNER,S,2,ARI_S_03,S,0,MODELED
LAR,Offense,QB,QB,1,LAR_QB_01,QB,1,MODELED
LAR,Offense,QB,QB,2,LAR_QB_02,QB,0,MODELED
LAR,Offense,RB,RB,1,LAR_RB_01,RB,1,MODELED
LAR,Offense,RB,RB,2,LAR_RB_03,RB,0,MODELED
LAR,Offense,RB,RB,3,LAR_RB_02,RB,0,MODELED
LAR,Offense,FB,FB,1,LAR_FB_01,FB,1,MODELED
LAR,Offense,WR_X,WR,1,LAR_WR_02,WR,1,MODELED
LAR,Offense,WR_X,WR,2,LAR_WR_01,WR,0,MODELED
LAR,Offense,WR_X,WR,3,LAR_WR_03,WR,0,MODELED
LAR,Offense,WR_Z,WR,1,LAR_WR_01,WR,1,MODELED
LAR,Offense,WR_Z,WR,2,LAR_WR_03,WR,0,MODELED
LAR,Offense,WR_Z,WR,3,LAR_WR_06,WR,0,MODELED
LAR,Offense,WR_SLOT,WR,1,LAR_WR_03,WR,1,MODELED
LAR,Offense,WR_SLOT,WR,2,LAR_WR_06,WR,0,MODELED
LAR,Offense,TE_Y,TE,1,LAR_TE_01,TE,1,MODELED
LAR,Offense,TE_Y,TE,2,LAR_TE_02,TE,0,MODELED
LAR,Offense,TE_F,TE,1,LAR_TE_02,TE,1,MODELED
LAR,Offense,TE_F,TE,2,LAR_TE_03,TE,0,MODELED
LAR,Offense,LT,OT,1,LAR_OT_01,OT,1,MODELED
LAR,Offense,LT,OT,2,LAR_OT_02,OT,0,MODELED
LAR,Offense,LG,OG,1,LAR_OG_01,OG,1,MODELED
LAR,Offense,LG,OG,2,LAR_OG_02,OG,0,MODELED
LAR,Offense,C,C,1,LAR_C_01,C,1,MODELED
LAR,Offense,C,C,2,LAR_C_02,C,0,MODELED
LAR,Offense,RG,OG,1,LAR_OG_02,OG,1,MODELED
LAR,Offense,RG,OG,2,LAR_OG_03,OG,0,MODELED
LAR,Offense,RT,OT,1,LAR_OT_02,OT,1,MODELED
LAR,Offense,RT,OT,2,LAR_OT_03,OT,0,MODELED
LAR,Defense,LDE,EDGE,1,LAR_EDGE_01,EDGE,1,MODELED
LAR,Defense,LDE,EDGE,2,LAR_EDGE_02,EDGE,0,MODELED
LAR,Defense,RDE,EDGE,1,LAR_EDGE_02,EDGE,1,MODELED
LAR,Defense,RDE,EDGE,2,LAR_EDGE_05,EDGE,0,MODELED
LAR,Defense,DT_3T,DT,1,LAR_DT_01,DT,1,MODELED
LAR,Defense,DT_3T,DT,2,LAR_DT_02,DT,0,MODELED
LAR,Defense,DT_1T,DT,1,LAR_DT_02,DT,1,MODELED
LAR,Defense,DT_1T,DT,2,LAR_DT_05,DT,0,MODELED
LAR,Defense,SAM,LB,1,LAR_LB_01,LB,1,MODELED
LAR,Defense,SAM,LB,2,LAR_LB_02,LB,0,MODELED
LAR,Defense,MIKE,LB,1,LAR_LB_02,LB,1,MODELED
LAR,Defense,MIKE,LB,2,LAR_LB_04,LB,0,MODELED
LAR,Defense,WILL,LB,1,LAR_LB_04,LB,1,MODELED
LAR,Defense,WILL,LB,2,LAR_LB_03,LB,0,MODELED
LAR,Defense,CB_1,CB,1,LAR_CB_02,CB,1,MODELED
LAR,Defense,CB_1,CB,2,LAR_CB_01,CB,0,MODELED
LAR,Defense,CB_2,CB,1,LAR_CB_01,CB,1,MODELED
LAR,Defense,CB_2,CB,2,LAR_CB_03,CB,0,MODELED
LAR,Defense,NICKEL,CB,1,LAR_CB_03,CB,1,MODELED
LAR,Defense,NICKEL,CB,2,LAR_CB_06,CB,0,MODELED
LAR,Defense,FS,S,1,LAR_S_02,S,1,MODELED
LAR,Defense,FS,S,2,LAR_S_04,S,0,MODELED
LAR,Defense,SS,S,1,LAR_S_04,S,1,MODELED
LAR,Defense,SS,S,2,LAR_S_01,S,0,MODELED
LAR,Special Teams,K,K,1,LAR_K_01,K,1,MODELED
LAR,Special Teams,P,P,1,LAR_P_01,P,1,MODELED
LAR,Special Teams,LS,LS,1,LAR_LS_01,LS,1,MODELED
LAR,Special Teams,KR,WR,1,LAR_WR_06,WR,1,MODELED
LAR,Special Teams,KR,WR,2,LAR_WR_04,WR,0,MODELED
LAR,Special Teams,PR,WR,1,LAR_WR_04,WR,1,MODELED
LAR,Special Teams,PR,WR,2,LAR_WR_05,WR,0,MODELED
LAR,Special Teams,GUNNER,S,1,LAR_S_01,S,1,MODELED
LAR,Special Teams,GUNNER,S,2,LAR_S_03,S,0,MODELED
SF,Offense,QB,QB,1,SF_QB_01,QB,1,MODELED
SF,Offense,QB,QB,2,SF_QB_02,QB,0,MODELED
SF,Offense,RB,RB,1,SF_RB_01,RB,1,MODELED
SF,Offense,RB,RB,2,SF_RB_03,RB,0,MODELED
SF,Offense,RB,RB,3,SF_RB_02,RB,0,MODELED
SF,Offense,FB,FB,1,SF_FB_01,FB,1,MODELED
SF,Offense,WR_X,WR,1,SF_WR_03,WR,1,MODELED
SF,Offense,WR_X,WR,2,SF_WR_01,WR,0,MODELED
SF,Offense,WR_X,WR,3,SF_WR_02,WR,0,MODELED
SF,Offense,WR_Z,WR,1,SF_WR_01,WR,1,MODELED
SF,Offense,WR_Z,WR,2,SF_WR_02,WR,0,MODELED
SF,Offense,WR_Z,WR,3,SF_WR_06,WR,0,MODELED
SF,Offense,WR_SLOT,WR,1,SF_WR_02,WR,1,MODELED
SF,Offense,WR_SLOT,WR,2,SF_WR_06,WR,0,MODELED
SF,Offense,TE_Y,TE,1,SF_TE_01,TE,1,MODELED
SF,Offense,TE_Y,TE,2,SF_TE_03,TE,0,MODELED
SF,Offense,TE_F,TE,1,SF_TE_03,TE,1,MODELED
SF,Offense,TE_F,TE,2,SF_TE_02,TE,0,MODELED
SF,Offense,LT,OT,1,SF_OT_01,OT,1,MODELED
SF,Offense,LT,OT,2,SF_OT_02,OT,0,MODELED
SF,Offense,LG,OG,1,SF_OG_01,OG,1,MODELED
SF,Offense,LG,OG,2,SF_OG_02,OG,0,MODELED
SF,Offense,C,C,1,SF_C_01,C,1,MODELED
SF,Offense,C,C,2,SF_C_02,C,0,MODELED
SF,Offense,RG,OG,1,SF_OG_02,OG,1,MODELED
SF,Offense,RG,OG,2,SF_OG_04,OG,0,MODELED
SF,Offense,RT,OT,1,SF_OT_02,OT,1,MODELED
SF,Offense,RT,OT,2,SF_OT_03,OT,0,MODELED
SF,Defense,LDE,EDGE,1,SF_EDGE_01,EDGE,1,MODELED
SF,Defense,LDE,EDGE,2,SF_EDGE_02,EDGE,0,MODELED
SF,Defense,RDE,EDGE,1,SF_EDGE_02,EDGE,1,MODELED
SF,Defense,RDE,EDGE,2,SF_EDGE_05,EDGE,0,MODELED
SF,Defense,DT_3T,DT,1,SF_DT_02,DT,1,MODELED
SF,Defense,DT_3T,DT,2,SF_DT_01,DT,0,MODELED
SF,Defense,DT_1T,DT,1,SF_DT_01,DT,1,MODELED
SF,Defense,DT_1T,DT,2,SF_DT_05,DT,0,MODELED
SF,Defense,SAM,LB,1,SF_LB_02,LB,1,MODELED
SF,Defense,SAM,LB,2,SF_LB_01,LB,0,MODELED
SF,Defense,MIKE,LB,1,SF_LB_01,LB,1,MODELED
SF,Defense,MIKE,LB,2,SF_LB_04,LB,0,MODELED
SF,Defense,WILL,LB,1,SF_LB_04,LB,1,MODELED
SF,Defense,WILL,LB,2,SF_LB_03,LB,0,MODELED
SF,Defense,CB_1,CB,1,SF_CB_03,CB,1,MODELED
SF,Defense,CB_1,CB,2,SF_CB_01,CB,0,MODELED
SF,Defense,CB_2,CB,1,SF_CB_01,CB,1,MODELED
SF,Defense,CB_2,CB,2,SF_CB_02,CB,0,MODELED
SF,Defense,NICKEL,CB,1,SF_CB_02,CB,1,MODELED
SF,Defense,NICKEL,CB,2,SF_CB_06,CB,0,MODELED
SF,Defense,FS,S,1,SF_S_01,S,1,MODELED
SF,Defense,FS,S,2,SF_S_02,S,0,MODELED
SF,Defense,SS,S,1,SF_S_02,S,1,MODELED
SF,Defense,SS,S,2,SF_S_04,S,0,MODELED
SF,Special Teams,K,K,1,SF_K_01,K,1,MODELED
SF,Special Teams,P,P,1,SF_P_01,P,1,MODELED
SF,Special Teams,LS,LS,1,SF_LS_01,LS,1,MODELED
SF,Special Teams,KR,WR,1,SF_WR_06,WR,1,MODELED
SF,Special Teams,KR,WR,2,SF_WR_04,WR,0,MODELED
SF,Special Teams,PR,WR,1,SF_WR_04,WR,1,MODELED
SF,Special Teams,PR,WR,2,SF_WR_05,WR,0,MODELED
SF,Special Teams,GUNNER,S,1,SF_S_04,S,1,MODELED
SF,Special Teams,GUNNER,S,2,SF_S_03,S,0,MODELED
SEA,Offense,QB,QB,1,SEA_QB_01,QB,1,MODELED
SEA,Offense,QB,QB,2,SEA_QB_02,QB,0,MODELED
SEA,Offense,RB,RB,1,SEA_RB_01,RB,1,MODELED
SEA,Offense,RB,RB,2,SEA_RB_02,RB,0,MODELED
SEA,Offense,RB,RB,3,SEA_RB_03,RB,0,MODELED
SEA,Offense,FB,FB,1,SEA_FB_01,FB,1,MODELED
SEA,Offense,WR_X,WR,1,SEA_WR_03,WR,1,MODELED
SEA,Offense,WR_X,WR,2,SEA_WR_02,WR,0,MODELED
SEA,Offense,WR_X,WR,3,SEA_WR_01,WR,0,MODELED
SEA,Offense,WR_Z,WR,1,SEA_WR_02,WR,1,MODELED
SEA,Offense,WR_Z,WR,2,SEA_WR_01,WR,0,MODELED
SEA,Offense,WR_Z,WR,3,SEA_WR_06,WR,0,MODELED
SEA,Offense,WR_SLOT,WR,1,SEA_WR_01,WR,1,MODELED
SEA,Offense,WR_SLOT,WR,2,SEA_WR_06,WR,0,MODELED
SEA,Offense,TE_Y,TE,1,SEA_TE_02,TE,1,MODELED
SEA,Offense,TE_Y,TE,2,SEA_TE_01,TE,0,MODELED
SEA,Offense,TE_F,TE,1,SEA_TE_01,TE,1,MODELED
SEA,Offense,TE_F,TE,2,SEA_TE_03,TE,0,MODELED
SEA,Offense,LT,OT,1,SEA_OT_02,OT,1,MODELED
SEA,Offense,LT,OT,2,SEA_OT_01,OT,0,MODELED
SEA,Offense,LG,OG,1,SEA_OG_01,OG,1,MODELED
SEA,Offense,LG,OG,2,SEA_OG_03,OG,0,MODELED
SEA,Offense,C,C,1,SEA_C_01,C,1,MODELED
SEA,Offense,C,C,2,SEA_C_02,C,0,MODELED
SEA,Offense,RG,OG,1,SEA_OG_03,OG,1,MODELED
SEA,Offense,RG,OG,2,SEA_OG_02,OG,0,MODELED
SEA,Offense,RT,OT,1,SEA_OT_01,OT,1,MODELED
SEA,Offense,RT,OT,2,SEA_OT_04,OT,0,MODELED
SEA,Defense,LDE,EDGE,1,SEA_EDGE_02,EDGE,1,MODELED
SEA,Defense,LDE,EDGE,2,SEA_EDGE_04,EDGE,0,MODELED
SEA,Defense,RDE,EDGE,1,SEA_EDGE_04,EDGE,1,MODELED
SEA,Defense,RDE,EDGE,2,SEA_EDGE_01,EDGE,0,MODELED
SEA,Defense,DT_3T,DT,1,SEA_DT_02,DT,1,MODELED
SEA,Defense,DT_3T,DT,2,SEA_DT_01,DT,0,MODELED
SEA,Defense,DT_1T,DT,1,SEA_DT_01,DT,1,MODELED
SEA,Defense,DT_1T,DT,2,SEA_DT_04,DT,0,MODELED
SEA,Defense,SAM,LB,1,SEA_LB_01,LB,1,MODELED
SEA,Defense,SAM,LB,2,SEA_LB_02,LB,0,MODELED
SEA,Defense,MIKE,LB,1,SEA_LB_02,LB,1,MODELED
SEA,Defense,MIKE,LB,2,SEA_LB_04,LB,0,MODELED
SEA,Defense,WILL,LB,1,SEA_LB_04,LB,1,MODELED
SEA,Defense,WILL,LB,2,SEA_LB_03,LB,0,MODELED
SEA,Defense,CB_1,CB,1,SEA_CB_02,CB,1,MODELED
SEA,Defense,CB_1,CB,2,SEA_CB_03,CB,0,MODELED
SEA,Defense,CB_2,CB,1,SEA_CB_03,CB,1,MODELED
SEA,Defense,CB_2,CB,2,SEA_CB_01,CB,0,MODELED
SEA,Defense,NICKEL,CB,1,SEA_CB_01,CB,1,MODELED
SEA,Defense,NICKEL,CB,2,SEA_CB_04,CB,0,MODELED
SEA,Defense,FS,S,1,SEA_S_02,S,1,MODELED
SEA,Defense,FS,S,2,SEA_S_01,S,0,MODELED
SEA,Defense,SS,S,1,SEA_S_01,S,1,MODELED
SEA,Defense,SS,S,2,SEA_S_04,S,0,MODELED
SEA,Special Teams,K,K,1,SEA_K_01,K,1,MODELED
SEA,Special Teams,P,P,1,SEA_P_01,P,1,MODELED
SEA,Special Teams,LS,LS,1,SEA_LS_01,LS,1,MODELED
SEA,Special Teams,KR,WR,1,SEA_WR_06,WR,1,MODELED
SEA,Special Teams,KR,WR,2,SEA_WR_04,WR,0,MODELED
SEA,Special Teams,PR,WR,1,SEA_WR_04,WR,1,MODELED
SEA,Special Teams,PR,WR,2,SEA_WR_05,WR,0,MODELED
SEA,Special Teams,GUNNER,S,1,SEA_S_04,S,1,MODELED
SEA,Special Teams,GUNNER,S,2,SEA_S_03,S,0,MODELED
